,日期,开盘,收盘,最高,最低,成交量,成交额,振幅,涨跌幅,涨跌额,换手率,stockCode
0,2021-06-17,54.94,57.51,57.84,54.78,22046,176287764.0,5.52,3.73,2.07,1.99,688006
1,2021-06-18,57.99,60.54,61.14,55.92,36483,302125808.0,9.08,5.27,3.03,3.29,688006
2,2021-06-21,58.88,60.04,60.87,58.88,21537,182934922.0,3.29,-0.83,-0.5,1.94,688006
3,2021-06-22,60.01,60.09,60.79,57.8,28077,234718249.0,4.98,0.08,0.05,2.54,688006
4,2021-06-23,60.3,59.46,61.37,58.84,28269,239041331.0,4.21,-1.05,-0.63,2.55,688006
5,2021-06-24,59.49,59.66,62.02,58.44,26535,224940681.0,6.02,0.34,0.2,2.4,688006
6,2021-06-25,58.32,58.86,59.71,56.37,26628,217542498.0,5.6,-1.34,-0.8,2.4,688006
7,2021-06-28,58.36,60.21,61.94,58.21,32401,274648112.0,6.34,2.29,1.35,2.93,688006
8,2021-06-29,60.51,60.3,61.23,58.88,19315,163415099.0,3.9,0.15,0.09,1.74,688006
9,2021-06-30,60.27,60.3,61.64,57.94,21478,181463121.0,6.14,0.0,0.0,1.94,688006
10,2021-07-01,60.61,58.16,60.87,57.87,16646,137613884.0,4.98,-3.55,-2.14,1.51,688006
11,2021-07-02,58.0,58.75,59.8,56.72,25570,210032121.0,5.3,1.01,0.59,2.31,688006
12,2021-07-05,58.94,61.8,63.51,58.73,32211,280185200.0,8.14,5.19,3.05,2.91,688006
13,2021-07-06,61.8,62.81,65.37,61.01,38185,341694064.0,7.06,1.63,1.01,3.46,688006
14,2021-07-07,63.07,66.36,67.35,61.88,48252,445568512.0,8.71,5.65,3.55,4.37,688006
15,2021-07-08,66.42,69.16,69.94,66.01,41334,402061104.0,5.92,4.22,2.8,3.74,688006
16,2021-07-09,68.46,69.01,69.94,66.73,30343,291754256.0,4.64,-0.22,-0.15,2.75,688006
17,2021-07-12,71.01,71.76,75.21,70.43,35581,362785648.0,6.93,3.98,2.75,3.22,688006
18,2021-07-13,73.92,74.06,76.73,71.76,33735,351941248.0,6.93,3.21,2.3,3.05,688006
19,2021-07-14,73.19,69.94,74.54,69.02,54596,549614448.0,7.45,-5.56,-4.12,4.95,688006
20,2021-07-15,70.1,70.3,73.16,67.75,35719,353142080.0,7.74,0.51,0.36,3.24,688006
21,2021-07-16,70.42,65.3,71.41,64.75,36810,348622096.0,9.47,-7.11,-5.0,3.34,688006
22,2021-07-19,64.61,64.01,67.41,62.44,35175,318832896.0,7.61,-1.98,-1.29,3.19,688006
23,2021-07-20,63.73,64.26,65.5,62.45,23653,213032967.0,4.76,0.39,0.25,2.14,688006
24,2021-07-21,63.92,68.16,68.23,63.92,34425,325272384.0,6.71,6.07,3.9,3.12,688006
25,2021-07-22,68.18,72.8,73.51,66.74,29728,295601168.0,9.93,6.81,4.64,2.66,688006
26,2021-07-23,72.84,76.73,81.3,72.0,33973,371227504.0,12.77,5.4,3.93,3.04,688006
27,2021-07-26,76.74,78.51,81.73,75.77,30261,336808144.0,7.77,2.32,1.78,2.7,688006
28,2021-07-27,78.3,73.56,81.7,73.16,28944,313626800.0,10.88,-6.3,-4.95,2.59,688006
29,2021-07-28,75.06,75.71,78.76,70.72,36409,387715504.0,10.93,2.92,2.15,3.25,688006
30,2021-07-29,77.13,83.08,85.93,77.13,40804,471394304.0,11.62,9.73,7.37,3.65,688006
31,2021-07-30,85.3,87.44,89.57,83.34,39593,484625552.0,7.5,5.25,4.36,3.54,688006
32,2021-08-02,89.59,84.61,90.3,83.07,40963,496561616.0,8.27,-3.24,-2.83,3.66,688006
33,2021-08-03,84.8,78.48,84.8,77.51,27622,311145248.0,8.62,-7.25,-6.13,2.47,688006
34,2021-08-04,78.86,81.36,83.51,78.86,28935,328680864.0,5.93,3.67,2.88,2.59,688006
35,2021-08-05,81.01,78.94,81.36,76.15,28267,314579056.0,6.4,-2.97,-2.42,2.53,688006
36,2021-08-06,83.3,88.27,94.49,83.3,91694,1173829136.0,14.18,11.82,9.33,8.19,688006
37,2021-08-09,89.76,88.11,90.65,83.87,46777,577533808.0,7.68,-0.18,-0.16,4.18,688006
38,2021-08-10,87.78,90.22,91.0,86.02,36821,460300672.0,5.65,2.39,2.11,3.29,688006
39,2021-08-11,88.99,92.59,94.34,88.3,27403,353877152.0,6.69,2.63,2.37,2.45,688006
40,2021-08-12,91.73,92.16,94.87,90.66,18638,241663175.0,4.55,-0.46,-0.43,1.67,688006
41,2021-08-13,96.99,87.14,96.99,85.82,48716,623904560.0,12.12,-5.45,-5.02,4.35,688006
42,2021-08-16,86.57,82.64,86.57,80.3,39770,461129424.0,7.2,-5.16,-4.5,3.55,688006
43,2021-08-17,83.37,79.03,83.79,78.2,22648,255274319.0,6.76,-4.37,-3.61,2.02,688006
44,2021-08-18,79.59,82.7,85.21,77.3,33869,390917408.0,10.01,4.64,3.67,3.03,688006
45,2021-08-19,82.7,86.17,87.14,81.16,23326,277968784.0,7.23,4.2,3.47,2.08,688006
46,2021-08-20,84.73,83.91,86.01,82.55,11053,130312133.0,4.02,-2.62,-2.26,0.99,688006
47,2021-08-23,84.59,81.37,84.59,75.34,74846,823776976.0,11.02,-3.03,-2.54,6.69,688006
48,2021-08-24,79.59,82.56,83.86,76.81,36923,419153344.0,8.66,1.46,1.19,3.3,688006
49,2021-08-25,82.44,81.54,83.59,80.3,21109,242644276.0,3.98,-1.24,-1.02,1.89,688006
50,2021-08-26,81.29,79.23,83.86,78.79,19105,215431070.0,6.22,-2.83,-2.31,1.71,688006
51,2021-08-27,78.87,79.56,81.64,78.16,20509,231226462.0,4.39,0.42,0.33,1.83,688006
52,2021-08-30,81.94,83.1,85.43,79.81,27985,329299072.0,7.06,4.45,3.54,2.5,688006
53,2021-08-31,74.73,72.29,75.3,66.4,111159,1083945104.0,10.71,-13.01,-10.81,9.93,688006
54,2021-09-01,72.09,70.23,72.44,67.96,50184,494154496.0,6.2,-2.85,-2.06,4.48,688006
55,2021-09-02,69.59,65.87,72.16,63.91,67021,628050400.0,11.75,-6.21,-4.36,5.99,688006
56,2021-09-03,66.59,64.22,67.76,63.88,27966,259073167.0,5.89,-2.5,-1.65,2.5,688006
57,2021-09-06,66.02,66.92,68.01,64.58,26433,247514562.0,5.34,4.2,2.7,2.36,688006
58,2021-09-07,66.73,67.63,68.86,64.94,23250,220344797.0,5.86,1.06,0.71,2.08,688006
59,2021-09-08,68.09,64.44,68.56,63.38,33900,308544704.0,7.66,-4.72,-3.19,3.03,688006
60,2021-09-09,63.93,65.89,66.54,63.51,26557,242815200.0,4.7,2.25,1.45,2.37,688006
61,2021-09-10,64.77,65.89,66.71,62.67,27957,254680879.0,6.13,0.0,0.0,2.5,688006
62,2021-09-13,70.16,68.19,71.01,66.14,46403,446647712.0,7.39,3.49,2.3,4.15,688006
63,2021-09-14,66.01,66.75,69.94,65.23,28640,272330704.0,6.91,-2.11,-1.44,2.56,688006
64,2021-09-15,67.05,68.76,69.3,64.97,24844,236021213.0,6.49,3.01,2.01,2.22,688006
65,2021-09-16,68.26,64.09,69.01,63.52,31905,295004992.0,7.98,-6.79,-4.67,2.85,688006
66,2021-09-17,64.23,65.26,66.2,62.61,21759,197544129.0,5.6,1.83,1.17,1.94,688006
67,2021-09-22,64.73,62.66,65.65,62.44,15909,143114606.0,4.92,-3.98,-2.6,1.42,688006
68,2021-09-23,63.86,63.04,65.01,62.45,24205,216996659.0,4.09,0.61,0.38,2.16,688006
69,2021-09-24,62.97,62.41,63.69,60.71,17822,156280058.0,4.73,-1.0,-0.63,1.59,688006
70,2021-09-27,63.34,59.06,63.34,57.51,45308,380703312.0,9.34,-5.37,-3.35,4.05,688006
71,2021-09-28,59.73,60.68,61.96,58.63,28475,244653419.0,5.64,2.74,1.62,2.54,688006
72,2021-09-29,59.59,57.88,60.57,56.73,29570,242258547.0,6.33,-4.61,-2.8,2.64,688006
73,2021-09-30,58.19,58.69,59.36,57.53,16967,140403558.0,3.16,1.4,0.81,1.52,688006
74,2021-10-08,60.29,60.44,63.38,59.59,25067,216778881.0,6.46,2.98,1.75,2.24,688006
75,2021-10-11,60.59,59.3,61.62,58.61,18852,158825592.0,4.98,-1.89,-1.14,1.68,688006
76,2021-10-12,59.3,58.16,59.87,57.98,14480,119827186.0,3.19,-1.92,-1.14,1.29,688006
77,2021-10-13,58.16,59.44,59.62,57.45,15678,129706171.0,3.73,2.2,1.28,1.4,688006
78,2021-10-14,58.74,62.41,63.51,58.74,20464,178348921.0,8.02,5.0,2.97,1.83,688006
79,2021-10-15,61.88,63.35,64.44,61.02,19667,175276669.0,5.48,1.51,0.94,1.76,688006
80,2021-10-18,64.44,63.61,64.5,61.73,23525,209806467.0,4.37,0.41,0.26,2.1,688006
81,2021-10-19,63.6,62.15,64.23,61.85,18018,159074411.0,3.74,-2.3,-1.46,1.61,688006
82,2021-10-20,61.38,63.61,64.49,61.24,22013,197477772.0,5.23,2.35,1.46,1.96,688006
83,2021-10-21,64.4,63.16,64.58,62.46,18970,169178449.0,3.33,-0.71,-0.45,1.69,688006
84,2021-10-22,63.19,64.16,66.01,63.16,23104,209860118.0,4.51,1.58,1.0,2.06,688006
85,2021-10-25,63.85,64.34,65.58,63.29,20147,182194346.0,3.57,0.28,0.18,1.79,688006
86,2021-10-26,65.05,63.87,66.71,63.51,25238,231056717.0,4.97,-0.73,-0.47,2.25,688006
87,2021-10-27,63.56,66.01,66.73,63.56,30004,277982016.0,4.96,3.35,2.14,2.67,688006
88,2021-10-28,69.03,69.35,71.57,65.44,42136,410348656.0,9.29,5.06,3.34,3.75,688006
89,2021-10-29,69.24,73.41,74.23,68.88,26615,272077296.0,7.71,5.85,4.06,2.37,688006
90,2021-11-01,75.01,74.84,77.79,72.48,37223,393838848.0,7.23,1.95,1.43,3.31,688006
91,2021-11-02,74.61,76.64,78.99,74.26,25956,282156720.0,6.32,2.41,1.8,2.31,688006
92,2021-11-03,78.09,75.56,79.59,73.8,22633,241636951.0,7.55,-1.41,-1.08,2.02,688006
93,2021-11-04,75.56,77.85,79.15,75.38,21790,237683760.0,4.99,3.03,2.29,1.94,688006
94,2021-11-05,78.19,75.31,79.51,75.09,15916,171199144.0,5.68,-3.26,-2.54,1.42,688006
95,2021-11-08,77.01,79.34,80.5,76.01,29386,326344448.0,5.96,5.35,4.03,2.62,688006
96,2021-11-09,80.33,78.24,80.39,76.88,20140,220874415.0,4.42,-1.39,-1.1,1.79,688006
97,2021-11-10,77.44,76.93,78.87,76.01,24062,260804191.0,3.66,-1.67,-1.31,2.14,688006
98,2021-11-11,75.38,78.39,79.51,75.38,17433,192141980.0,5.37,1.9,1.46,1.55,688006
99,2021-11-12,79.59,80.23,83.57,78.24,14433,164435488.0,6.8,2.35,1.84,1.29,688006
100,2021-11-15,80.41,75.76,80.41,75.51,20434,222279433.0,6.11,-5.57,-4.47,1.82,688006
101,2021-11-16,76.16,75.62,77.09,74.93,14278,152338717.0,2.85,-0.18,-0.14,1.27,688006
102,2021-11-17,75.31,76.21,77.34,74.71,15227,163089229.0,3.48,0.78,0.59,1.36,688006
103,2021-11-18,76.09,78.29,80.09,75.74,23189,255721808.0,5.71,2.73,2.08,2.06,688006
104,2021-11-19,78.07,83.06,83.87,78.01,24603,281178624.0,7.48,6.09,4.77,2.19,688006
105,2021-11-22,83.14,86.95,90.79,83.14,28985,357639584.0,9.21,4.68,3.89,2.58,688006
106,2021-11-23,87.4,86.73,87.4,84.14,19762,237909553.0,3.75,-0.25,-0.22,1.76,688006
107,2021-11-24,89.59,87.06,89.59,84.81,12875,157314845.0,5.51,0.38,0.33,1.15,688006
108,2021-11-25,86.34,87.37,88.47,86.17,8814,107997350.0,2.64,0.36,0.31,0.78,688006
109,2021-11-26,87.73,89.8,90.21,86.3,19135,236778067.0,4.48,2.78,2.43,1.7,688006
110,2021-11-29,88.16,87.09,91.45,84.59,30808,379375200.0,7.64,-3.02,-2.71,2.74,688006
111,2021-11-30,86.73,87.42,88.71,85.38,20913,255419833.0,3.82,0.38,0.33,1.86,688006
112,2021-12-01,88.5,88.41,89.87,86.52,20075,249715036.0,3.83,1.13,0.99,1.79,688006
113,2021-12-02,87.7,91.89,93.07,86.03,24449,311732576.0,7.96,3.94,3.48,2.18,688006
114,2021-12-03,91.45,91.25,93.51,89.71,14992,192519025.0,4.14,-0.7,-0.64,1.33,688006
115,2021-12-06,88.23,88.87,91.73,86.05,14434,181829564.0,6.22,-2.61,-2.38,1.29,688006
116,2021-12-07,89.41,86.23,91.39,82.44,30225,364963728.0,10.07,-2.97,-2.64,2.69,688006
117,2021-12-08,86.23,86.73,89.68,85.06,20935,254338736.0,5.36,0.58,0.5,1.86,688006
118,2021-12-09,86.64,86.79,88.29,84.66,21324,258687159.0,4.19,0.07,0.06,1.9,688006
119,2021-12-10,84.79,85.26,87.36,83.71,27884,336939936.0,4.21,-1.76,-1.53,2.48,688006
120,2021-12-13,85.83,85.72,87.07,83.07,21930,262208211.0,4.69,0.54,0.46,1.95,688006
121,2021-12-14,84.41,86.15,88.87,84.41,15114,184636126.0,5.2,0.5,0.43,1.35,688006
122,2021-12-15,87.42,84.51,87.42,82.44,13148,155866812.0,5.78,-1.9,-1.64,1.17,688006
123,2021-12-16,84.72,84.09,88.14,83.23,12427,148009002.0,5.81,-0.5,-0.42,1.11,688006
124,2021-12-17,83.32,81.49,84.27,78.19,24867,281350432.0,7.23,-3.09,-2.6,2.21,688006
125,2021-12-20,81.49,80.3,82.75,77.82,23344,262113563.0,6.05,-1.46,-1.19,2.08,688006
126,2021-12-21,81.37,76.51,81.66,74.94,37030,399959696.0,8.37,-4.72,-3.79,3.3,688006
127,2021-12-22,76.81,75.54,79.44,74.59,23698,255247500.0,6.34,-1.27,-0.97,2.11,688006
128,2021-12-23,75.57,75.54,76.71,74.17,17966,190370991.0,3.36,0.0,0.0,1.6,688006
129,2021-12-24,73.86,72.8,78.07,71.48,17861,184876476.0,8.72,-3.63,-2.74,1.59,688006
130,2021-12-27,71.73,74.14,75.3,71.73,25587,265910878.0,4.9,1.84,1.34,2.28,688006
131,2021-12-28,73.12,75.11,75.77,72.79,21637,226724242.0,4.02,1.31,0.97,1.93,688006
132,2021-12-29,76.11,74.68,76.11,74.0,15420,162601584.0,2.81,-0.57,-0.43,1.37,688006
133,2021-12-30,76.14,75.3,76.14,74.11,15384,162528587.0,2.72,0.83,0.62,1.37,688006
134,2021-12-31,76.01,76.43,78.27,75.3,20551,222078715.0,3.94,1.5,1.13,1.83,688006
135,2022-01-04,78.87,74.36,78.87,73.51,23838,251128141.0,7.01,-2.71,-2.07,2.12,688006
136,2022-01-05,74.21,70.78,75.29,70.64,21699,219854058.0,6.25,-4.81,-3.58,1.93,688006
137,2022-01-06,70.78,69.19,70.78,67.87,32847,319923424.0,4.11,-2.25,-1.59,2.92,688006
138,2022-01-07,69.47,67.91,70.63,67.48,18435,178068841.0,4.55,-1.85,-1.28,1.64,688006
139,2022-01-10,67.17,67.31,68.87,66.77,15273,145444054.0,3.09,-0.88,-0.6,1.36,688006
140,2022-01-11,67.61,65.04,68.14,63.94,18257,168023830.0,6.24,-3.37,-2.27,1.63,688006
141,2022-01-12,65.43,65.51,66.65,64.01,18703,171609932.0,4.06,0.72,0.47,1.67,688006
142,2022-01-13,65.51,64.04,66.49,63.51,19491,176093454.0,4.55,-2.24,-1.47,1.74,688006
143,2022-01-14,63.56,63.49,64.8,62.98,19146,171616689.0,2.84,-0.86,-0.55,1.7,688006
144,2022-01-17,63.86,66.01,67.07,62.3,25477,234201113.0,7.51,3.97,2.52,2.27,688006
145,2022-01-18,65.59,67.07,68.41,64.68,26522,250488710.0,5.65,1.61,1.06,2.36,688006
146,2022-01-19,67.04,65.04,68.11,63.88,17386,159181976.0,6.31,-3.03,-2.03,1.55,688006
147,2022-01-20,64.34,63.06,66.11,62.94,13338,120568095.0,4.87,-3.04,-1.98,1.19,688006
148,2022-01-21,63.05,63.26,64.47,61.41,11360,100939982.0,4.85,0.32,0.2,1.01,688006
149,2022-01-24,62.5,64.91,65.23,62.5,12665,114793195.0,4.32,2.61,1.65,1.13,688006
150,2022-01-25,64.51,64.29,66.09,64.04,15112,139116052.0,3.16,-0.96,-0.62,1.35,688006
151,2022-01-26,64.59,66.59,67.86,64.59,15363,143207823.0,5.09,3.58,2.3,1.37,688006
152,2022-01-27,68.22,63.06,68.22,62.92,24449,221534631.0,7.96,-5.3,-3.53,2.18,688006
153,2022-01-28,64.64,61.77,64.64,61.75,18160,160257394.0,4.58,-2.05,-1.29,1.62,688006
154,2022-02-07,63.16,60.71,64.96,59.57,31600,273015584.0,8.73,-1.72,-1.06,2.81,688006
155,2022-02-08,59.62,57.6,61.37,55.79,37567,304018368.0,9.19,-5.12,-3.11,3.34,688006
156,2022-02-09,57.51,57.15,57.84,55.3,24178,193383197.0,4.41,-0.78,-0.45,2.15,688006
157,2022-02-10,56.73,56.46,57.37,54.66,27116,213632608.0,4.74,-1.21,-0.69,2.41,688006
158,2022-02-11,56.01,54.26,57.05,54.02,41808,326543808.0,5.37,-3.9,-2.2,3.72,688006
159,2022-02-14,52.55,54.21,55.01,52.55,30413,232418538.0,4.53,-0.09,-0.05,2.71,688006
160,2022-02-15,55.22,56.74,56.96,54.43,16154,127655982.0,4.67,4.67,2.53,1.44,688006
161,2022-02-16,57.52,56.84,57.73,55.95,11741,94036417.0,3.14,0.18,0.1,1.05,688006
162,2022-02-17,56.72,56.27,57.24,54.59,35377,280215632.0,4.66,-1.0,-0.57,3.15,688006
163,2022-02-18,56.06,54.84,56.06,54.49,13067,101553906.0,2.79,-2.54,-1.43,1.16,688006
164,2022-02-21,55.79,53.87,55.79,53.62,15027,115318629.0,3.96,-1.77,-0.97,1.34,688006
165,2022-02-22,53.16,52.76,53.66,52.03,21386,158532326.0,3.03,-2.06,-1.11,1.9,688006
166,2022-02-23,52.56,55.56,56.09,52.56,19578,152008943.0,6.69,5.31,2.8,1.74,688006
167,2022-02-24,55.87,54.93,56.41,53.87,21920,170846608.0,4.57,-1.13,-0.63,1.95,688006
168,2022-02-25,56.31,55.13,57.2,54.61,16051,125530865.0,4.72,0.36,0.2,1.43,688006
169,2022-02-28,53.16,54.61,54.94,50.41,38169,286695232.0,8.22,-0.94,-0.52,3.4,688006
170,2022-03-01,54.24,53.81,55.59,53.37,16772,128631738.0,4.07,-1.46,-0.8,1.49,688006
171,2022-03-02,53.12,52.0,54.0,51.67,28175,208184821.0,4.33,-3.36,-1.81,2.51,688006
172,2022-03-03,52.19,49.59,52.5,49.37,35020,247640868.0,6.02,-4.63,-2.41,3.12,688006
173,2022-03-04,49.49,49.04,50.11,48.34,15517,107727558.0,3.57,-1.11,-0.55,1.38,688006
174,2022-03-07,49.03,47.44,49.03,47.09,21464,144720795.0,3.96,-3.26,-1.6,1.91,688006
175,2022-03-08,47.5,46.36,48.28,46.01,22092,146441693.0,4.78,-2.28,-1.08,1.97,688006
176,2022-03-09,46.36,44.24,46.69,43.01,18868,118869682.0,7.94,-4.57,-2.12,1.68,688006
177,2022-03-10,46.01,45.08,46.34,44.73,21269,136658712.0,3.64,1.9,0.84,1.89,688006
178,2022-03-11,45.08,44.21,45.3,43.2,15567,97044920.0,4.66,-1.93,-0.87,1.39,688006
179,2022-03-14,44.5,42.73,45.0,42.63,18474,112744921.0,5.36,-3.35,-1.48,1.64,688006
180,2022-03-15,42.24,40.96,44.07,40.82,25465,152412876.0,7.61,-4.14,-1.77,2.27,688006
181,2022-03-16,42.41,41.47,42.41,39.12,19531,113200835.0,8.03,1.25,0.51,1.74,688006
182,2022-03-17,43.16,43.32,43.87,42.52,22126,135409833.0,3.26,4.46,1.85,1.97,688006
183,2022-03-18,43.58,43.07,43.58,41.21,25319,150527940.0,5.47,-0.58,-0.25,2.25,688006
184,2022-03-21,43.73,44.8,45.93,42.44,39922,251996503.0,8.1,4.02,1.73,3.55,688006
185,2022-03-22,44.37,43.87,44.8,43.59,19244,119748653.0,2.7,-2.08,-0.93,1.71,688006
186,2022-03-23,44.59,43.61,44.59,42.89,11377,70102747.0,3.88,-0.59,-0.26,1.01,688006
187,2022-03-24,43.24,43.11,43.41,42.44,9919,60229344.0,2.22,-1.15,-0.5,0.88,688006
188,2022-03-25,43.86,42.09,43.86,41.98,10900,65530794.0,4.36,-2.37,-1.02,0.97,688006
189,2022-03-28,42.66,41.08,43.14,40.87,10023,58591820.0,5.39,-2.4,-1.01,0.89,688006
190,2022-03-29,42.08,39.51,42.09,39.23,12330,70062699.0,6.96,-3.82,-1.57,1.1,688006
191,2022-03-30,39.98,42.01,42.13,39.42,15859,92693467.0,6.86,6.33,2.5,1.41,688006
192,2022-03-31,41.88,40.36,42.29,40.23,14991,86572503.0,4.9,-3.93,-1.65,1.33,688006
193,2022-04-01,40.62,40.44,40.62,39.16,12941,73326684.0,3.62,0.2,0.08,1.15,688006
194,2022-04-06,40.3,39.6,40.3,38.94,19329,108154737.0,3.36,-2.08,-0.84,1.72,688006
195,2022-04-07,39.13,38.04,39.94,38.03,12762,69772681.0,4.82,-3.94,-1.56,1.14,688006
196,2022-04-08,37.29,37.67,38.64,37.29,10480,55978654.0,3.55,-0.97,-0.37,0.93,688006
197,2022-04-11,37.18,35.21,37.66,34.86,21276,106992826.0,7.43,-6.53,-2.46,1.89,688006
198,2022-04-12,35.21,35.3,36.01,34.59,15945,79519666.0,4.03,0.26,0.09,1.42,688006
199,2022-04-13,35.29,34.87,35.7,34.31,13835,68865238.0,3.94,-1.22,-0.43,1.23,688006
200,2022-04-14,34.87,34.02,35.3,33.69,13834,67146030.0,4.62,-2.44,-0.85,1.23,688006
201,2022-04-15,34.14,33.54,34.14,33.01,12608,59769749.0,3.32,-1.41,-0.48,1.12,688006
202,2022-04-18,33.57,34.73,35.0,32.73,13017,63252839.0,6.77,3.55,1.19,1.16,688006
203,2022-04-19,34.97,34.44,35.64,33.97,14584,71519909.0,4.81,-0.84,-0.29,1.3,688006
204,2022-04-20,34.13,33.24,34.91,33.2,13019,62673306.0,4.97,-3.48,-1.2,1.16,688006
205,2022-04-21,33.21,32.16,33.73,31.96,15281,71066075.0,5.32,-3.25,-1.08,1.36,688006
206,2022-04-22,31.84,31.76,32.44,31.49,15918,72020476.0,2.95,-1.24,-0.4,1.42,688006
207,2022-04-25,31.44,28.82,31.49,28.59,15213,64587502.0,9.13,-9.26,-2.94,1.35,688006
208,2022-04-26,28.74,27.64,29.51,27.44,15587,62737173.0,7.18,-4.09,-1.18,1.39,688006
209,2022-04-27,26.88,29.87,29.92,26.79,22315,90685731.0,11.32,8.07,2.23,1.99,688006
210,2022-04-28,29.84,29.42,30.28,28.62,18128,75726385.0,5.56,-1.51,-0.45,1.61,688006
211,2022-04-29,29.8,30.94,31.01,28.51,20117,84699132.0,8.5,5.17,1.52,1.79,688006
212,2022-05-05,31.01,32.69,33.48,30.94,36999,170907906.0,8.21,5.66,1.75,3.29,688006
213,2022-05-06,32.36,31.89,33.49,31.14,19110,87418019.0,7.19,-2.45,-0.8,1.7,688006
214,2022-05-09,31.97,31.82,33.39,31.38,16292,74567898.0,6.3,-0.22,-0.07,1.45,688006
215,2022-05-10,31.17,34.5,34.51,31.17,33985,161139020.0,10.5,8.42,2.68,3.03,688006
216,2022-05-11,33.87,35.8,37.23,33.87,34983,178651725.0,9.74,3.77,1.3,3.11,688006
217,2022-05-12,35.3,35.23,36.11,35.0,18296,92089906.0,3.1,-1.59,-0.57,1.63,688006
218,2022-05-13,36.69,35.58,36.69,34.79,13057,65569146.0,5.39,0.99,0.35,1.16,688006
219,2022-05-16,36.49,36.5,37.79,35.91,30348,158863101.0,5.28,2.59,0.92,2.7,688006
220,2022-05-17,36.96,38.87,39.11,36.24,29188,157625765.0,7.86,6.49,2.37,2.6,688006
221,2022-05-18,38.87,38.95,39.73,38.41,16392,90643368.0,3.4,0.21,0.08,1.46,688006
222,2022-05-19,38.39,40.01,40.23,38.25,16012,89217130.0,5.08,2.72,1.06,1.43,688006
223,2022-05-20,40.01,41.01,41.71,40.01,18807,108828238.0,4.25,2.5,1.0,1.67,688006
224,2022-05-23,41.24,40.38,41.31,39.87,17027,97196250.0,3.51,-1.54,-0.63,1.52,688006
225,2022-05-24,40.3,39.18,41.6,39.02,17979,102390720.0,6.39,-2.97,-1.2,1.6,688006
226,2022-05-25,38.87,39.26,40.12,38.66,10146,56271331.0,3.73,0.2,0.08,0.9,688006
227,2022-05-26,39.16,39.09,39.76,38.29,11135,61533178.0,3.74,-0.43,-0.17,0.99,688006
228,2022-05-27,38.83,39.61,41.14,38.83,14282,80943764.0,5.91,1.33,0.52,1.27,688006
229,2022-05-30,39.12,39.66,40.22,38.32,16445,91861102.0,4.8,0.13,0.05,1.46,688006
230,2022-05-31,39.94,42.09,42.33,39.66,26916,157795008.0,6.73,6.13,2.43,2.4,688006
231,2022-06-01,42.09,42.99,43.89,41.37,19362,117490731.0,5.99,2.14,0.9,1.72,688006
232,2022-06-02,43.3,45.87,46.11,42.82,32838,207379753.0,7.65,6.7,2.88,2.88,688006
233,2022-06-06,46.44,46.99,48.73,46.01,36423,243507589.0,5.93,2.44,1.12,3.2,688006
234,2022-06-07,46.94,47.15,47.3,45.53,24710,161672373.0,3.77,0.34,0.16,2.17,688006
235,2022-06-08,46.92,48.27,48.87,46.68,21721,146944525.0,4.64,2.38,1.12,1.91,688006
236,2022-06-09,48.26,45.8,48.86,45.67,22603,147659968.0,6.61,-5.12,-2.47,1.98,688006
237,2022-06-10,46.01,50.09,50.16,45.02,29736,202169876.0,11.22,9.37,4.29,2.61,688006
238,2022-06-13,50.66,50.94,51.0,49.01,27712,196621517.0,3.97,1.7,0.85,2.43,688006
239,2022-06-14,50.28,49.49,50.28,47.8,18732,128847208.0,4.87,-2.85,-1.45,1.64,688006
240,2022-06-15,49.24,48.12,50.48,47.7,22750,156154485.0,5.62,-2.77,-1.37,2.0,688006
241,2022-06-16,48.09,50.43,51.41,47.59,25829,184379209.0,7.94,4.8,2.31,2.27,688006
242,2022-06-17,50.16,50.66,51.73,49.6,19848,142477869.0,4.22,0.46,0.23,1.74,688006
243,2022-06-20,52.02,51.3,52.02,50.3,17918,129669494.0,3.4,1.26,0.64,1.57,688006
244,2022-06-21,51.3,49.88,51.3,49.04,20848,146342945.0,4.41,-2.77,-1.42,1.83,688006
245,2022-06-22,49.92,50.07,51.8,49.79,18107,129487816.0,4.03,0.38,0.19,1.59,688006
246,2022-06-23,49.8,50.59,51.09,49.53,26239,185381426.0,3.12,1.04,0.52,2.3,688006
247,2022-06-24,50.54,53.29,53.93,50.54,36836,274783232.0,6.7,5.34,2.7,3.23,688006
248,2022-06-27,53.58,53.01,54.2,51.54,34788,258063407.0,4.99,-0.53,-0.28,3.05,688006
249,2022-06-28,52.68,52.23,52.68,51.0,22847,166192175.0,3.17,-1.47,-0.78,2.0,688006
250,2022-06-29,51.54,49.3,52.21,49.04,27339,192814149.0,6.07,-5.61,-2.93,2.4,688006
251,2022-06-30,49.99,49.79,49.99,47.04,34957,239502190.0,5.98,0.99,0.49,3.07,688006
252,2022-07-01,50.23,49.16,50.67,48.52,16952,117957223.0,4.32,-1.27,-0.63,1.49,688006
253,2022-07-04,48.31,49.96,51.03,47.58,23649,163748044.0,7.02,1.63,0.8,2.08,688006
254,2022-07-05,50.12,49.75,51.45,48.68,14442,101044977.0,5.54,-0.42,-0.21,1.27,688006
255,2022-07-06,49.32,49.61,50.95,48.89,14229,99764108.0,4.14,-0.28,-0.14,1.25,688006
256,2022-07-07,49.53,51.62,52.69,49.17,23162,167545886.0,7.1,4.05,2.01,2.03,688006
257,2022-07-08,52.15,49.44,52.22,49.19,19695,138566623.0,5.87,-4.22,-2.18,1.73,688006
258,2022-07-11,49.47,49.38,49.74,48.32,12876,88885564.0,2.87,-0.12,-0.06,1.13,688006
259,2022-07-12,49.53,48.73,51.16,47.75,19799,137243571.0,6.91,-1.32,-0.65,1.74,688006
260,2022-07-13,47.37,47.66,48.73,46.7,14487,97154436.0,4.17,-2.2,-1.07,1.27,688006
261,2022-07-14,48.03,50.67,52.0,46.97,23684,169276933.0,10.55,6.32,3.01,2.08,688006
262,2022-07-15,51.89,49.89,52.0,49.59,17485,125423996.0,4.76,-1.54,-0.78,1.53,688006
263,2022-07-18,49.31,48.82,50.01,48.49,18681,128989930.0,3.05,-2.14,-1.07,1.64,688006
264,2022-07-19,49.04,47.31,49.6,46.92,19043,127711809.0,5.49,-3.09,-1.51,1.67,688006
265,2022-07-20,47.69,51.17,52.11,46.89,34793,247980593.0,11.03,8.16,3.86,3.05,688006
266,2022-07-21,51.18,52.64,56.06,51.17,37047,281028876.0,9.56,2.87,1.47,3.25,688006
267,2022-07-22,52.71,51.46,53.88,50.69,18667,136835353.0,6.06,-2.24,-1.18,0.46,688006
268,2022-07-25,51.66,51.81,53.12,50.71,21858,160100036.0,4.68,0.68,0.35,0.54,688006
269,2022-07-26,51.88,50.75,52.59,50.22,16968,121706569.0,4.57,-2.05,-1.06,0.42,688006
270,2022-07-27,51.04,50.86,52.13,50.33,14018,100589979.0,3.55,0.22,0.11,0.35,688006
271,2022-07-28,51.18,50.44,51.52,49.1,17626,124463915.0,4.76,-0.83,-0.42,0.44,688006
272,2022-07-29,51.5,53.06,54.68,51.11,25483,191157132.0,7.08,5.19,2.62,0.63,688006
273,2022-08-01,52.96,53.06,53.94,51.59,19594,144889926.0,4.43,0.0,0.0,0.48,688006
274,2022-08-02,51.91,49.99,52.46,49.74,24400,174562753.0,5.13,-5.79,-3.07,0.6,688006
275,2022-08-03,50.78,48.23,51.54,48.19,24775,171722871.0,6.7,-3.52,-1.76,0.61,688006
276,2022-08-04,48.76,47.52,49.39,46.74,17092,114621756.0,5.49,-1.47,-0.71,0.42,688006
277,2022-08-05,47.75,48.42,48.67,47.06,15851,106904763.0,3.39,1.89,0.9,0.39,688006
278,2022-08-08,48.44,50.69,51.34,47.61,19157,134980224.0,7.7,4.69,2.27,0.47,688006
279,2022-08-09,50.63,50.8,50.93,49.18,16335,115510799.0,3.45,0.22,0.11,0.4,688006
280,2022-08-10,50.36,56.36,57.86,50.36,46888,367376202.0,14.76,10.94,5.56,1.16,688006
281,2022-08-11,56.52,56.06,56.87,54.41,32305,252544189.0,4.36,-0.53,-0.3,0.8,688006
282,2022-08-12,55.18,51.46,55.81,51.38,29048,216736301.0,7.9,-8.21,-4.6,0.72,688006
283,2022-08-15,51.24,52.61,53.01,50.83,17924,131854361.0,4.24,2.23,1.15,0.44,688006
284,2022-08-16,53.32,54.46,55.04,52.25,23758,180778331.0,5.3,3.52,1.85,0.59,688006
285,2022-08-17,54.04,54.75,55.5,53.33,14855,114444399.0,3.98,0.53,0.29,0.37,688006
286,2022-08-18,54.46,54.46,56.88,53.82,21354,166221605.0,5.59,-0.53,-0.29,0.53,688006
287,2022-08-19,55.58,51.79,55.68,51.73,19107,142501876.0,7.25,-4.9,-2.67,0.47,688006
288,2022-08-22,51.51,52.96,53.89,51.15,18998,140610303.0,5.29,2.26,1.17,0.47,688006
289,2022-08-23,53.56,52.47,54.39,51.65,17221,127779142.0,5.17,-0.93,-0.49,0.43,688006
290,2022-08-24,53.14,49.98,53.89,49.11,19199,138185158.0,9.11,-4.75,-2.49,0.47,688006
291,2022-08-25,50.31,47.55,51.15,46.32,23438,157002468.0,9.66,-4.86,-2.43,0.58,688006
292,2022-08-26,47.84,45.07,48.26,44.81,28980,188618286.0,7.26,-5.22,-2.48,0.72,688006
293,2022-08-29,44.05,44.85,46.39,43.69,23118,147103298.0,5.99,-0.49,-0.22,0.57,688006
294,2022-08-30,46.68,46.05,47.52,45.3,32287,210590991.0,4.95,2.68,1.2,0.8,688006
295,2022-08-31,46.11,44.09,46.29,43.89,22031,138997141.0,5.21,-4.26,-1.96,0.54,688006
296,2022-09-01,44.46,42.11,44.46,42.11,23379,141072482.0,5.33,-4.49,-1.98,0.58,688006
297,2022-09-02,42.23,40.93,42.65,40.71,30143,175145969.0,4.61,-2.8,-1.18,0.74,688006
298,2022-09-05,40.76,40.54,41.19,39.59,21713,124083695.0,3.91,-0.95,-0.39,0.54,688006
299,2022-09-06,40.64,40.64,41.16,39.78,25565,145769739.0,3.4,0.25,0.1,0.63,688006
300,2022-09-07,40.47,43.41,44.14,40.36,33383,201348320.0,9.3,6.82,2.77,0.82,688006
301,2022-09-08,42.89,42.92,44.54,42.68,22955,141077707.0,4.28,-1.13,-0.49,0.57,688006
302,2022-09-09,42.68,42.75,43.6,41.61,17481,104889600.0,4.64,-0.4,-0.17,0.43,688006
303,2022-09-13,43.46,42.74,44.16,42.46,16173,98020322.0,3.98,-0.02,-0.01,0.4,688006
304,2022-09-14,41.93,41.49,42.11,41.03,16604,97025797.0,2.53,-2.92,-1.25,0.41,688006
305,2022-09-15,41.5,39.65,42.61,39.11,22380,126495464.0,8.44,-4.43,-1.84,0.55,688006
306,2022-09-16,39.79,38.84,40.39,38.68,14899,82581034.0,4.31,-2.04,-0.81,0.37,688006
307,2022-09-19,38.68,38.04,39.19,37.65,18824,101396420.0,3.96,-2.06,-0.8,0.46,688006
308,2022-09-20,38.19,37.94,39.0,37.46,21372,114636428.0,4.05,-0.26,-0.1,0.53,688006
309,2022-09-21,37.61,37.89,38.75,36.96,12983,69670473.0,4.72,-0.13,-0.05,0.32,688006
310,2022-09-22,37.56,38.04,39.01,37.11,12322,66436015.0,5.01,0.4,0.15,0.3,688006
311,2022-09-23,37.96,37.37,38.45,37.14,14218,75549558.0,3.44,-1.76,-0.67,0.35,688006
312,2022-09-26,37.09,37.25,38.85,36.95,27974,149198908.0,5.08,-0.32,-0.12,0.69,688006
313,2022-09-27,37.04,37.39,38.31,36.81,21075,111114079.0,4.03,0.38,0.14,0.52,688006
314,2022-09-28,37.39,36.17,37.75,36.17,17631,90959108.0,4.23,-3.26,-1.22,0.44,688006
315,2022-09-29,36.7,36.98,38.31,36.04,24171,126982331.0,6.28,2.24,0.81,0.6,688006
316,2022-09-30,36.8,35.46,37.64,35.29,18356,93412979.0,6.35,-4.11,-1.52,0.45,688006
317,2022-10-10,34.86,35.25,36.37,34.86,16063,80771164.0,4.26,-0.59,-0.21,0.4,688006
318,2022-10-11,35.18,34.89,36.16,34.69,13411,66688967.0,4.17,-1.02,-0.36,0.33,688006
319,2022-10-12,36.51,37.71,37.87,34.61,20903,106432761.0,9.34,8.08,2.82,0.52,688006
320,2022-10-13,36.89,37.61,38.65,36.68,20860,111308679.0,5.22,-0.27,-0.1,0.51,688006
321,2022-10-14,37.97,38.96,39.26,37.36,17121,92823468.0,5.05,3.59,1.35,0.42,688006
322,2022-10-17,38.68,39.52,40.29,38.33,17188,95380905.0,5.03,1.44,0.56,0.42,688006
323,2022-10-18,39.71,39.32,40.09,38.71,12255,67976199.0,3.49,-0.51,-0.2,0.3,688006
324,2022-10-19,39.44,39.74,40.86,39.11,12881,72475893.0,4.45,1.07,0.42,0.32,688006
325,2022-10-20,39.04,38.74,39.54,38.33,12916,70764087.0,3.04,-2.52,-1.0,0.32,688006
326,2022-10-21,38.19,38.91,40.11,38.19,18918,104749707.0,4.96,0.44,0.17,0.47,688006
327,2022-10-24,39.04,38.86,40.2,38.04,15330,84694992.0,5.55,-0.13,-0.05,0.38,688006
328,2022-10-25,38.33,39.11,39.56,37.5,15900,86503507.0,5.3,0.64,0.25,0.39,688006
329,2022-10-26,38.97,39.9,40.25,38.76,15833,88406729.0,3.81,2.02,0.79,0.39,688006
330,2022-10-27,40.11,39.03,41.34,39.03,15097,84963154.0,5.79,-2.18,-0.87,0.37,688006
331,2022-10-28,37.96,34.84,38.24,34.83,37379,190466983.0,8.74,-10.74,-4.19,0.92,688006
332,2022-10-31,35.46,35.5,36.38,34.82,30707,155053527.0,4.48,1.89,0.66,0.76,688006
333,2022-11-01,35.34,36.35,37.21,34.49,28508,144025767.0,7.66,2.39,0.85,0.7,688006
334,2022-11-02,36.24,37.46,38.17,35.83,23875,124891298.0,6.44,3.05,1.11,0.59,688006
335,2022-11-03,37.46,38.04,38.93,37.23,19866,106397132.0,4.54,1.55,0.58,0.49,688006
336,2022-11-04,37.51,38.63,39.3,37.49,26591,144233190.0,4.76,1.55,0.59,0.66,688006
337,2022-11-07,38.4,37.81,38.71,37.43,25121,134420332.0,3.31,-2.12,-0.82,0.62,688006
338,2022-11-08,38.06,37.22,38.31,36.68,18976,99343465.0,4.31,-1.56,-0.59,0.47,688006
339,2022-11-09,37.09,36.09,37.38,36.09,17157,88445844.0,3.47,-3.04,-1.13,0.42,688006
340,2022-11-10,35.68,34.51,36.4,34.39,24764,122093143.0,5.57,-4.38,-1.58,0.61,688006
341,2022-11-11,35.21,34.77,35.95,34.57,23040,114203342.0,4.0,0.75,0.26,0.57,688006
342,2022-11-14,34.64,34.44,35.39,34.09,21527,105264923.0,3.74,-0.95,-0.33,0.53,688006
343,2022-11-15,34.24,35.58,35.71,33.81,24653,121555075.0,5.52,3.31,1.14,0.61,688006
344,2022-11-16,35.92,35.16,36.95,34.94,25614,129867210.0,5.65,-1.18,-0.42,0.63,688006
345,2022-11-17,34.99,34.04,34.99,33.34,34535,164459374.0,4.69,-3.19,-1.12,0.85,688006
346,2022-11-18,34.11,33.91,34.5,33.69,19655,94712658.0,2.38,-0.38,-0.13,0.49,688006
347,2022-11-21,33.75,34.16,34.31,33.41,17203,82186633.0,2.65,0.74,0.25,0.42,688006
348,2022-11-22,33.96,32.89,34.03,32.82,24143,113645547.0,3.54,-3.72,-1.27,0.6,688006
349,2022-11-23,32.89,33.6,33.64,32.46,18948,88490585.0,3.59,2.16,0.71,0.47,688006
350,2022-11-24,33.75,33.79,34.22,33.45,15244,72841414.0,2.29,0.57,0.19,0.38,688006
351,2022-11-25,33.89,32.39,33.89,32.25,22000,101444173.0,4.85,-4.14,-1.4,0.54,688006
352,2022-11-28,32.03,31.86,32.37,31.55,24346,109570468.0,2.53,-1.64,-0.53,0.6,688006
353,2022-11-29,31.87,32.54,32.69,31.73,19198,87541375.0,3.01,2.13,0.68,0.47,688006
354,2022-11-30,32.65,32.5,32.93,32.21,15820,72847525.0,2.21,-0.12,-0.04,0.39,688006
355,2022-12-01,32.79,33.91,34.22,32.79,29131,138745453.0,4.4,4.34,1.41,0.72,688006
356,2022-12-02,33.88,33.75,34.13,33.51,13245,63139010.0,1.83,-0.47,-0.16,0.33,688006
357,2022-12-05,33.98,33.51,34.29,33.32,16856,79875400.0,2.87,-0.71,-0.24,0.42,688006
358,2022-12-06,33.46,33.46,34.31,33.24,20607,97882689.0,3.19,-0.15,-0.05,0.51,688006
359,2022-12-07,33.6,33.42,33.96,33.12,17079,80966767.0,2.51,-0.12,-0.04,0.42,688006
360,2022-12-08,33.39,32.82,33.51,32.49,20005,92863996.0,3.05,-1.8,-0.6,0.49,688006
361,2022-12-09,32.71,32.44,32.87,32.19,24776,113427071.0,2.07,-1.16,-0.38,0.61,688006
362,2022-12-12,32.52,32.34,32.59,31.76,20812,94719580.0,2.56,-0.31,-0.1,0.51,688006
363,2022-12-13,32.47,30.84,32.47,30.75,31775,140975621.0,5.32,-4.64,-1.5,0.78,688006
364,2022-12-14,30.94,30.86,31.16,30.72,21285,92860636.0,1.43,0.06,0.02,0.53,688006
365,2022-12-15,30.91,31.88,32.01,30.53,25142,111188636.0,4.8,3.31,1.02,0.62,688006
366,2022-12-16,31.68,30.82,31.84,30.75,17594,77352411.0,3.42,-3.32,-1.06,0.43,688006
367,2022-12-19,30.69,30.55,31.72,30.29,19737,85830181.0,4.64,-0.88,-0.27,0.49,688006
368,2022-12-20,30.59,30.21,30.98,30.11,12672,54361358.0,2.85,-1.11,-0.34,0.31,688006
369,2022-12-21,30.39,29.89,30.68,29.31,14456,61063143.0,4.53,-1.06,-0.32,0.36,688006
370,2022-12-22,29.93,29.25,30.13,29.14,9981,41668489.0,3.31,-2.14,-0.64,0.25,688006
371,2022-12-23,29.19,28.59,29.4,28.43,8556,34870400.0,3.32,-2.26,-0.66,0.21,688006
372,2022-12-26,28.82,30.55,30.82,28.36,21537,91415973.0,8.6,6.86,1.96,0.53,688006
373,2022-12-27,30.56,32.27,32.56,30.41,28602,128185778.0,7.04,5.63,1.72,0.71,688006
374,2022-12-28,32.12,31.5,32.25,31.24,17236,76678255.0,3.13,-2.39,-0.77,0.43,688006
375,2022-12-29,31.34,31.29,31.97,31.11,15171,67503283.0,2.73,-0.67,-0.21,0.37,688006
376,2022-12-30,31.39,31.01,32.07,30.91,13448,59615028.0,3.71,-0.89,-0.28,0.33,688006
377,2023-01-03,30.98,32.27,32.46,30.88,19827,88786146.0,5.1,4.06,1.26,0.49,688006
378,2023-01-04,32.28,32.06,32.33,31.61,17777,80020349.0,2.23,-0.65,-0.21,0.44,688006
379,2023-01-05,31.93,32.26,32.8,31.82,20731,94660555.0,3.06,0.62,0.2,0.51,688006
380,2023-01-06,32.39,33.02,33.51,32.11,31720,148126144.0,4.34,2.36,0.76,0.78,688006
381,2023-01-09,33.02,33.4,33.71,32.79,20764,97765750.0,2.79,1.15,0.38,0.51,688006
382,2023-01-10,33.39,33.09,33.44,32.84,16276,76021564.0,1.8,-0.93,-0.31,0.4,688006
383,2023-01-11,33.09,32.04,33.11,32.04,22608,103440294.0,3.23,-3.17,-1.05,0.56,688006
384,2023-01-12,32.14,32.42,33.26,31.96,24608,112900323.0,4.06,1.19,0.38,0.61,688006
385,2023-01-13,32.51,32.68,33.25,32.23,17611,81230307.0,3.15,0.8,0.26,0.43,688006
386,2023-01-16,32.46,33.17,33.46,32.31,14472,67589560.0,3.52,1.5,0.49,0.36,688006
387,2023-01-17,33.44,33.41,33.58,32.85,15157,71199802.0,2.2,0.72,0.24,0.37,688006
388,2023-01-18,33.36,33.34,33.96,33.26,17950,84936548.0,2.1,-0.21,-0.07,0.44,688006
389,2023-01-19,33.1,33.99,34.0,33.0,20192,95806368.0,3.0,1.95,0.65,0.5,688006
390,2023-01-20,33.78,33.61,34.26,33.34,20513,97328137.0,2.71,-1.12,-0.38,0.51,688006
391,2023-01-30,35.59,35.54,37.58,35.43,55310,283149901.0,6.4,5.74,1.93,1.37,688006
392,2023-01-31,35.35,35.74,36.14,34.95,39158,196419899.0,3.35,0.56,0.2,0.97,688006
393,2023-02-01,37.27,39.97,40.09,37.04,67272,370154290.0,8.53,11.84,4.23,1.66,688006
394,2023-02-02,39.75,38.99,40.54,38.39,62356,344586947.0,5.38,-2.45,-0.98,1.54,688006
395,2023-02-03,38.96,38.56,38.96,37.86,35420,191132218.0,2.82,-1.1,-0.43,0.87,688006
396,2023-02-06,38.45,37.86,38.49,36.55,50147,263383410.0,5.03,-1.82,-0.7,1.24,688006
397,2023-02-07,37.63,38.92,39.03,37.63,33105,180444726.0,3.7,2.8,1.06,0.82,688006
398,2023-02-08,38.58,38.95,39.79,38.57,29097,160975020.0,3.13,0.08,0.03,0.72,688006
399,2023-02-09,38.69,39.46,39.66,38.26,25722,142001923.0,3.59,1.31,0.51,0.63,688006
400,2023-02-10,38.94,38.84,41.08,38.32,24274,133923319.0,6.99,-1.57,-0.62,0.6,688006
401,2023-02-13,38.86,40.21,40.68,38.69,37942,213458554.0,5.12,3.53,1.37,0.94,688006
402,2023-02-14,41.25,41.35,42.16,40.04,35288,204477316.0,5.27,2.84,1.14,0.87,688006
403,2023-02-15,42.34,41.3,42.61,40.84,34334,201220599.0,4.28,-0.12,-0.05,0.85,688006
404,2023-02-16,40.94,39.12,41.18,38.86,36804,206512532.0,5.62,-5.28,-2.18,0.91,688006
405,2023-02-17,38.76,36.71,39.44,36.54,58079,304673848.0,7.41,-6.16,-2.41,1.35,688006
406,2023-02-20,36.39,37.11,37.11,35.99,21360,110027638.0,3.05,1.09,0.4,0.5,688006
407,2023-02-21,36.84,36.87,37.39,36.59,18062,94312849.0,2.16,-0.65,-0.24,0.42,688006
408,2023-02-22,37.0,37.18,37.93,36.61,23972,126399433.0,3.58,0.84,0.31,0.56,688006
409,2023-02-23,36.86,36.19,37.33,36.19,16576,85465297.0,3.07,-2.66,-0.99,0.39,688006
410,2023-02-24,36.36,36.18,36.41,35.54,15548,79118950.0,2.4,-0.03,-0.01,0.36,688006
411,2023-02-27,35.98,35.42,36.18,34.89,29968,149011937.0,3.57,-2.1,-0.76,0.7,688006
412,2023-02-28,35.42,35.64,36.01,35.18,27071,135780526.0,2.34,0.62,0.22,0.63,688006
413,2023-03-01,35.33,35.57,35.8,34.84,29023,144020094.0,2.69,-0.2,-0.07,0.67,688006
414,2023-03-02,35.53,35.69,36.46,35.35,20232,102810264.0,3.12,0.34,0.12,0.47,688006
415,2023-03-03,35.69,34.86,35.82,34.79,18899,93429993.0,2.89,-2.33,-0.83,0.44,688006
416,2023-03-06,35.17,36.31,36.74,34.3,31831,159455322.0,7.0,4.16,1.45,0.74,688006
417,2023-03-07,36.61,38.26,38.95,36.56,55252,295145716.0,6.58,5.37,1.95,1.28,688006
418,2023-03-08,38.33,37.46,38.47,36.61,35584,187327334.0,4.86,-2.09,-0.8,0.83,688006
419,2023-03-09,36.97,36.86,37.34,36.46,24564,127476552.0,2.35,-1.6,-0.6,0.57,688006
420,2023-03-10,36.57,36.94,37.09,35.86,34042,174385531.0,3.34,0.22,0.08,0.79,688006
421,2023-03-13,36.23,35.62,36.5,34.98,30561,152774912.0,4.11,-3.57,-1.32,0.71,688006
422,2023-03-14,35.55,34.21,35.91,33.7,30898,149522092.0,6.2,-3.96,-1.41,0.72,688006
423,2023-03-15,34.51,33.34,34.73,33.34,23469,111818996.0,4.06,-2.54,-0.87,0.55,688006
424,2023-03-16,33.06,31.64,33.4,31.54,35262,159788146.0,5.58,-5.1,-1.7,0.82,688006
425,2023-03-17,31.76,32.04,32.23,31.41,25324,113451899.0,2.59,1.26,0.4,0.59,688006
426,2023-03-20,31.7,31.84,32.5,30.96,21387,95813498.0,4.81,-0.62,-0.2,0.5,688006
427,2023-03-21,31.99,32.86,32.88,31.71,27764,126934427.0,3.67,3.2,1.02,0.65,688006
428,2023-03-22,33.09,32.54,33.54,32.48,18267,84939588.0,3.23,-0.97,-0.32,0.42,688006
429,2023-03-23,32.51,32.61,32.76,32.15,22154,101423630.0,1.87,0.22,0.07,0.51,688006
430,2023-03-24,32.61,33.13,33.76,32.37,25429,119223842.0,4.26,1.59,0.52,0.59,688006
431,2023-03-27,33.13,32.89,33.43,32.72,20305,94620836.0,2.14,-0.72,-0.24,0.47,688006
432,2023-03-28,33.18,32.24,33.6,32.04,19659,90553884.0,4.74,-1.98,-0.65,0.46,688006
433,2023-03-29,32.53,32.44,33.14,32.15,20630,95001954.0,3.07,0.62,0.2,0.48,688006
434,2023-03-30,32.16,32.25,32.61,31.89,17475,79429750.0,2.22,-0.59,-0.19,0.41,688006
435,2023-03-31,32.26,31.75,32.82,31.62,23548,106425615.0,3.72,-1.55,-0.5,0.55,688006
436,2023-04-03,31.89,32.08,32.66,31.76,30318,137298375.0,2.83,1.04,0.33,0.7,688006
437,2023-04-04,31.93,30.61,32.03,30.15,41554,180488495.0,5.86,-4.58,-1.47,0.96,688006
438,2023-04-06,30.46,31.16,31.28,30.18,22923,99723753.0,3.59,1.8,0.55,0.53,688006
439,2023-04-07,31.08,31.04,31.53,30.89,19634,86337861.0,2.05,-0.39,-0.12,0.46,688006
440,2023-04-10,31.04,33.61,33.68,30.99,59251,274034583.0,8.67,8.28,2.57,1.37,688006
441,2023-04-11,33.52,32.15,33.56,32.01,42353,194128750.0,4.61,-4.34,-1.46,0.98,688006
442,2023-04-12,32.05,31.96,32.44,31.35,26973,120941224.0,3.39,-0.59,-0.19,0.63,688006
443,2023-04-13,31.75,31.19,31.96,31.14,19956,88527914.0,2.57,-2.41,-0.77,0.46,688006
444,2023-04-14,31.29,32.68,33.61,31.24,46251,213486659.0,7.6,4.78,1.49,1.07,688006
445,2023-04-17,32.32,32.82,32.88,32.19,23279,107118318.0,2.11,0.43,0.14,0.54,688006
446,2023-04-18,32.79,32.9,33.91,32.59,27229,127772211.0,4.02,0.24,0.08,0.63,688006
447,2023-04-19,32.68,32.25,33.2,31.96,23974,109516549.0,3.77,-1.98,-0.65,0.56,688006
448,2023-04-20,32.06,31.54,32.44,31.32,22633,100804952.0,3.47,-2.2,-0.71,0.52,688006
449,2023-04-21,31.8,30.47,32.24,30.47,22128,97577105.0,5.61,-3.39,-1.07,0.51,688006
450,2023-04-24,30.48,30.16,30.71,29.86,16647,70852569.0,2.79,-1.02,-0.31,0.39,688006
451,2023-04-25,29.93,28.11,30.28,27.91,30423,123117903.0,7.86,-6.8,-2.05,0.71,688006
452,2023-04-26,28.39,30.76,31.25,28.22,44545,188718013.0,10.78,9.43,2.65,1.03,688006
453,2023-04-27,32.81,35.59,36.96,32.81,114573,571696657.0,13.49,15.7,4.83,2.66,688006
454,2023-04-28,36.48,35.28,36.96,35.11,71283,360952678.0,5.2,-0.87,-0.31,1.65,688006
455,2023-05-04,35.26,34.85,36.18,34.45,49326,243994483.0,4.9,-1.22,-0.43,1.14,688006
456,2023-05-05,35.11,34.17,35.11,34.04,30239,146825513.0,3.07,-1.95,-0.68,0.7,688006
457,2023-05-08,34.4,34.22,34.96,33.93,30263,146256770.0,3.01,0.15,0.05,0.7,688006
458,2023-05-09,34.36,32.97,34.36,32.84,32991,155258607.0,4.44,-3.65,-1.25,0.77,688006
459,2023-05-10,32.97,33.59,34.61,32.41,47919,225938226.0,6.67,1.88,0.62,1.11,688006
460,2023-05-11,33.68,33.94,34.41,33.11,34684,164965179.0,3.87,1.04,0.35,0.8,688006
461,2023-05-12,33.79,32.51,34.39,32.46,28966,134914659.0,5.69,-4.21,-1.43,0.67,688006
462,2023-05-15,33.11,33.36,33.8,32.65,32541,152653481.0,3.54,2.61,0.85,0.75,688006
463,2023-05-16,33.51,33.32,34.18,33.11,26893,127596363.0,3.21,-0.12,-0.04,0.62,688006
464,2023-05-17,33.54,33.22,33.74,32.65,22439,104771126.0,3.27,-0.3,-0.1,0.52,688006
465,2023-05-18,33.08,30.49,33.08,29.83,68436,294824112.0,9.78,-8.22,-2.73,1.59,688006
466,2023-05-19,30.25,30.54,30.79,29.97,27411,117814809.0,2.69,0.16,0.05,0.64,688006
467,2023-05-22,30.74,30.25,31.09,30.07,23578,100977177.0,3.34,-0.95,-0.29,0.55,688006
468,2023-05-23,30.29,30.18,30.74,30.06,18854,80873267.0,2.25,-0.23,-0.07,0.44,688006
469,2023-05-24,30.09,29.93,30.34,29.51,17905,75677073.0,2.75,-0.83,-0.25,0.42,688006
470,2023-05-25,29.93,30.24,30.61,29.46,26069,110763353.0,3.84,1.04,0.31,0.6,688006
471,2023-05-26,30.46,30.29,30.81,29.96,18312,78312494.0,2.81,0.17,0.05,0.42,688006
472,2023-05-29,30.19,29.48,30.28,29.31,19130,79755351.0,3.2,-2.67,-0.81,0.44,688006
473,2023-05-30,29.33,29.32,29.68,28.75,24743,101851629.0,3.15,-0.54,-0.16,0.57,688006
474,2023-05-31,29.39,29.36,29.88,29.04,41538,172764067.0,2.86,0.14,0.04,0.96,688006
475,2023-06-01,29.54,30.08,30.58,29.39,29230,124241257.0,4.05,2.45,0.72,0.68,688006
476,2023-06-02,30.11,30.85,31.13,30.04,25872,112010809.0,3.62,2.56,0.77,0.6,688006
477,2023-06-05,31.17,30.55,31.28,30.14,24125,103919242.0,3.7,-0.97,-0.3,0.56,688006
478,2023-06-06,30.61,29.8,30.64,29.8,16163,68644011.0,2.75,-2.45,-0.75,0.37,688006
479,2023-06-07,29.89,29.0,29.89,28.4,38891,112749660.0,5.0,-2.68,-0.8,0.64,688006
480,2023-06-08,29.48,28.75,29.95,28.66,30008,87383488.0,4.45,-0.86,-0.25,0.5,688006
481,2023-06-09,28.65,29.7,29.77,28.53,48751,143110478.0,4.31,3.3,0.95,0.81,688006
482,2023-06-12,29.45,30.31,30.74,29.45,32718,99311529.0,4.34,2.05,0.61,0.54,688006
483,2023-06-13,30.16,30.24,30.52,29.77,25753,77534220.0,2.47,-0.23,-0.07,0.43,688006
484,2023-06-14,30.05,29.98,30.25,29.86,17210,51607905.0,1.29,-0.86,-0.26,0.29,688006
485,2023-06-15,29.92,32.02,32.16,29.81,50738,158748388.0,7.84,6.8,2.04,0.84,688006
486,2023-06-16,32.02,32.95,33.48,31.75,56504,184861810.0,5.4,2.9,0.93,0.94,688006
