,日期,开盘,收盘,最高,最低,成交量,成交额,振幅,涨跌幅,涨跌额,换手率,stockCode
0,2021-08-20,5.53,5.54,5.58,5.51,486,376674.0,1.26,-0.18,-0.01,0.13,833427
1,2021-08-23,5.58,5.53,5.58,5.52,120,92953.0,1.08,-0.18,-0.01,0.03,833427
2,2021-08-24,5.57,5.54,5.58,5.54,278,215987.0,0.72,0.18,0.01,0.07,833427
3,2021-08-25,5.53,5.53,5.57,5.51,357,275829.0,1.08,-0.18,-0.01,0.09,833427
4,2021-08-26,5.53,5.51,5.53,5.49,756,582490.0,0.72,-0.36,-0.02,0.2,833427
5,2021-08-27,5.58,5.67,5.67,5.58,1319,1035278.0,1.63,2.9,0.16,0.35,833427
6,2021-08-30,5.68,5.72,5.81,5.68,1010,809060.0,2.29,0.88,0.05,0.27,833427
7,2021-08-31,5.78,5.8,5.81,5.73,1385,1112861.0,1.4,1.4,0.08,0.37,833427
8,2021-09-01,5.81,5.85,5.88,5.81,1957,1591815.0,1.21,0.86,0.05,0.52,833427
9,2021-09-02,5.87,6.08,6.09,5.87,4147,3443940.0,3.76,3.93,0.23,1.1,833427
10,2021-09-03,6.53,6.41,6.86,6.31,21534,19308144.0,9.05,5.43,0.33,5.71,833427
11,2021-09-06,6.7,7.77,8.52,6.7,34916,36952583.0,28.39,21.22,1.36,9.25,833427
12,2021-09-07,8.06,8.01,8.52,7.79,17590,19365485.0,9.4,3.09,0.24,4.66,833427
13,2021-09-08,7.89,8.63,8.65,7.89,12003,13550294.0,9.49,7.74,0.62,3.18,833427
14,2021-09-09,8.76,10.89,11.35,8.76,27104,37576527.0,30.01,26.19,2.26,7.18,833427
15,2021-09-10,10.91,11.11,11.64,9.93,20417,29508166.0,15.7,2.02,0.22,5.41,833427
16,2021-09-13,11.34,10.64,11.34,10.17,11101,15608078.0,10.53,-4.23,-0.47,2.94,833427
17,2021-09-14,10.62,10.07,10.65,10.04,7328,10133192.0,5.73,-5.36,-0.57,1.94,833427
18,2021-09-15,9.98,9.56,9.99,9.36,7591,9733021.0,6.26,-5.06,-0.51,2.01,833427
19,2021-09-16,9.57,9.19,9.61,8.95,4211,5200403.0,6.9,-3.87,-0.37,1.12,833427
20,2021-09-17,9.31,9.95,9.95,8.99,4516,5819327.0,10.45,8.27,0.76,1.2,833427
21,2021-09-22,10.57,10.73,11.18,10.53,10402,14786625.0,6.53,7.84,0.78,2.76,833427
22,2021-09-23,10.7,10.31,10.7,10.08,5821,8001185.0,5.78,-3.91,-0.42,1.54,833427
23,2021-09-24,10.31,10.1,10.44,10.05,4992,6748466.0,3.78,-2.04,-0.21,1.32,833427
24,2021-09-27,10.1,9.36,10.23,9.35,4442,5694720.0,8.71,-7.33,-0.74,1.18,833427
25,2021-09-28,9.39,9.57,9.67,9.37,2502,3179964.0,3.21,2.24,0.21,0.66,833427
26,2021-09-29,9.43,9.71,9.73,9.29,2171,2770333.0,4.6,1.46,0.14,0.58,833427
27,2021-09-30,9.64,10.18,10.29,9.59,4148,5527218.0,7.21,4.84,0.47,1.1,833427
28,2021-10-08,10.18,10.02,10.3,9.76,1743,2303150.0,5.3,-1.57,-0.16,0.46,833427
29,2021-10-11,9.77,9.98,10.01,9.77,1783,2354985.0,2.4,-0.4,-0.04,0.47,833427
30,2021-10-12,9.61,9.8,10.07,9.61,989,1287418.0,4.61,-1.8,-0.18,0.26,833427
31,2021-10-13,9.98,9.93,9.98,9.63,1560,2050867.0,3.57,1.33,0.13,0.41,833427
32,2021-10-14,9.95,9.95,9.96,9.75,945,1244216.0,2.11,0.2,0.02,0.25,833427
33,2021-10-15,9.95,9.97,10.02,9.87,1036,1368215.0,1.51,0.2,0.02,0.27,833427
34,2021-10-18,9.71,9.72,9.97,9.59,2157,2786273.0,3.81,-2.51,-0.25,0.57,833427
35,2021-10-19,9.89,9.71,9.89,9.59,566,730306.0,3.09,-0.1,-0.01,0.15,833427
36,2021-10-20,9.81,9.67,9.81,9.52,1277,1650576.0,2.99,-0.41,-0.04,0.34,833427
37,2021-10-21,9.67,9.53,9.68,9.43,2788,3551409.0,2.59,-1.45,-0.14,0.74,833427
38,2021-10-22,9.55,9.61,9.73,9.47,2170,2543996.0,2.73,0.84,0.08,0.58,833427
39,2021-10-25,9.5,9.43,9.7,9.43,730,923903.0,2.81,-1.87,-0.18,0.19,833427
40,2021-10-26,9.48,8.71,9.64,8.69,2594,3134658.0,10.07,-7.64,-0.72,0.69,833427
41,2021-10-27,8.75,8.41,8.77,8.31,1448,1660244.0,5.28,-3.44,-0.3,0.38,833427
42,2021-10-28,8.67,7.73,8.67,7.52,3232,3424782.0,13.67,-8.09,-0.68,0.86,833427
43,2021-10-29,7.34,7.91,8.46,7.33,4177,4380420.0,14.62,2.33,0.18,1.11,833427
44,2021-11-01,8.37,8.84,9.09,8.35,4012,4710955.0,9.36,11.76,0.93,1.06,833427
45,2021-11-02,8.91,8.5,8.91,8.32,3488,3970712.0,6.67,-3.85,-0.34,0.92,833427
46,2021-11-03,8.38,8.63,8.68,8.37,1955,2251772.0,3.65,1.53,0.13,0.52,833427
47,2021-11-04,8.87,9.3,9.43,8.79,3229,3967804.0,7.42,7.76,0.67,0.86,833427
48,2021-11-05,9.52,9.61,9.79,9.35,3258,4160850.0,4.73,3.33,0.31,0.86,833427
49,2021-11-08,9.76,10.37,10.91,9.75,6245,8639514.0,12.07,7.91,0.76,1.65,833427
50,2021-11-09,10.61,10.37,10.61,9.92,3565,4845927.0,6.65,0.0,0.0,0.94,833427
51,2021-11-10,10.37,10.53,10.61,10.31,1941,2695819.0,2.89,1.54,0.16,0.51,833427
52,2021-11-11,10.95,10.75,10.95,10.43,3808,5413564.0,4.94,2.09,0.22,1.01,833427
53,2021-11-12,10.9,10.96,11.01,10.67,4435,6376518.0,3.16,1.95,0.21,1.18,833427
54,2021-11-15,10.88,9.57,11.11,9.07,11605,15715225.0,18.61,-12.68,-1.39,3.07,833427
55,2021-11-16,9.74,8.75,9.75,8.7,6241,7574835.0,10.97,-8.57,-0.82,1.65,833427
56,2021-11-17,8.95,8.93,8.97,8.68,4092,4835088.0,3.31,2.06,0.18,1.08,833427
57,2021-11-18,8.94,8.78,8.96,8.63,3514,4141434.0,3.7,-1.68,-0.15,0.93,833427
58,2021-11-19,8.75,8.78,8.87,8.65,3548,4160622.0,2.51,0.0,0.0,0.94,833427
59,2021-11-22,8.85,8.83,8.91,8.73,2816,3319404.0,2.05,0.57,0.05,0.75,833427
60,2021-11-23,8.89,8.94,9.09,8.76,5151,6173399.0,3.74,1.25,0.11,1.36,833427
61,2021-11-24,8.92,8.74,8.93,8.74,2659,3143219.0,2.13,-2.24,-0.2,0.7,833427
62,2021-11-25,8.91,8.51,8.91,8.44,2653,3097550.0,5.38,-2.63,-0.23,0.7,833427
63,2021-11-26,8.61,8.27,8.61,8.17,3422,3812001.0,5.17,-2.82,-0.24,0.91,833427
64,2021-11-29,8.19,7.99,8.25,7.89,3924,4251154.0,4.35,-3.39,-0.28,1.04,833427
65,2021-11-30,7.87,7.88,7.99,7.83,1343,1438118.0,2.0,-1.38,-0.11,0.36,833427
66,2021-12-01,7.84,7.81,7.93,7.75,2617,2769244.0,2.28,-0.89,-0.07,0.69,833427
67,2021-12-02,7.82,7.88,7.93,7.73,1426,1515139.0,2.56,0.9,0.07,0.38,833427
68,2021-12-03,7.91,7.8,7.94,7.74,1827,1929122.0,2.54,-1.02,-0.08,0.48,833427
69,2021-12-06,7.83,7.53,7.83,7.42,3144,3246251.0,5.26,-3.46,-0.27,0.83,833427
70,2021-12-07,7.6,7.49,7.6,7.41,1661,1678416.0,2.52,-0.53,-0.04,0.44,833427
71,2021-12-08,7.49,7.55,7.57,7.45,820,837527.0,1.6,0.8,0.06,0.22,833427
72,2021-12-09,7.54,7.54,7.61,7.51,474,484652.0,1.32,-0.13,-0.01,0.13,833427
73,2021-12-10,7.55,7.62,7.63,7.54,1455,1500110.0,1.19,1.06,0.08,0.39,833427
74,2021-12-13,7.68,7.81,7.81,7.51,1481,1548761.0,3.94,2.49,0.19,0.39,833427
75,2021-12-14,7.83,7.97,8.11,7.83,2197,2371589.0,3.59,2.05,0.16,0.58,833427
76,2021-12-15,7.97,7.83,8.05,7.83,1178,1255811.0,2.76,-1.76,-0.14,0.31,833427
77,2021-12-16,7.83,7.75,7.85,7.67,1572,1648471.0,2.3,-1.02,-0.08,0.42,833427
78,2021-12-17,7.73,7.66,7.73,7.55,727,752623.0,2.32,-1.16,-0.09,0.19,833427
79,2021-12-20,7.62,7.59,7.63,7.53,955,981715.0,1.31,-0.91,-0.07,0.25,833427
80,2021-12-21,7.7,7.64,7.71,7.59,660,683003.0,1.58,0.66,0.05,0.17,833427
81,2021-12-22,7.61,7.53,7.73,7.53,893,919266.0,2.62,-1.44,-0.11,0.24,833427
82,2021-12-23,7.53,7.48,7.61,7.48,1211,1236348.0,1.73,-0.66,-0.05,0.32,833427
83,2021-12-24,7.47,7.41,7.53,7.4,1005,1017066.0,1.74,-0.94,-0.07,0.27,833427
84,2021-12-27,7.4,7.67,8.09,7.4,2400,2500362.0,9.31,3.51,0.26,0.64,833427
85,2021-12-28,7.57,7.7,7.72,7.56,1695,1761783.0,2.09,0.39,0.03,0.45,833427
86,2021-12-29,7.69,7.83,7.93,7.69,2127,2254030.0,3.12,1.69,0.13,0.56,833427
87,2021-12-30,7.87,8.02,8.06,7.75,6632,7130407.0,3.96,2.43,0.19,1.76,833427
88,2021-12-31,8.05,8.24,8.48,8.05,8580,9559899.0,5.36,2.74,0.22,2.27,833427
89,2022-01-04,8.44,8.01,8.44,7.75,5125,5575323.0,8.37,-2.79,-0.23,1.36,833427
90,2022-01-05,7.99,8.09,8.11,7.93,2119,2302544.0,2.25,1.0,0.08,0.56,833427
91,2022-01-06,8.06,8.01,8.13,7.97,1492,1621542.0,1.98,-0.99,-0.08,0.4,833427
92,2022-01-07,8.01,7.83,8.08,7.76,2311,2473852.0,4.0,-2.25,-0.18,0.61,833427
93,2022-01-10,7.87,7.86,7.91,7.77,933,989128.0,1.79,0.38,0.03,0.25,833427
94,2022-01-11,7.91,7.87,7.91,7.81,786,834237.0,1.27,0.13,0.01,0.21,833427
95,2022-01-12,7.89,7.91,7.91,7.83,1283,1364355.0,1.02,0.51,0.04,0.34,833427
96,2022-01-13,7.91,7.97,8.05,7.89,1231,1329388.0,2.02,0.76,0.06,0.33,833427
97,2022-01-14,7.93,7.86,7.98,7.83,1057,1130983.0,1.88,-1.38,-0.11,0.28,833427
98,2022-01-17,7.77,7.96,7.97,7.77,1625,1729245.0,2.54,1.27,0.1,0.43,833427
99,2022-01-18,7.97,7.97,7.97,7.86,971,1041845.0,1.38,0.13,0.01,0.26,833427
100,2022-01-19,7.99,8.01,8.02,7.9,1629,1751567.0,1.51,0.5,0.04,0.43,833427
101,2022-01-20,7.93,8.21,8.3,7.93,7762,8504856.0,4.62,2.5,0.2,2.06,833427
102,2022-01-21,8.18,7.98,8.31,7.97,2370,2610704.0,4.14,-2.8,-0.23,0.63,833427
103,2022-01-24,7.98,7.91,8.08,7.87,1703,1822913.0,2.63,-0.88,-0.07,0.45,833427
104,2022-01-25,7.96,7.45,7.96,7.45,2506,2598333.0,6.45,-5.82,-0.46,0.66,833427
105,2022-01-26,7.44,7.49,7.58,7.44,1005,1023665.0,1.88,0.54,0.04,0.27,833427
106,2022-01-27,7.45,7.29,7.54,7.29,1236,1247200.0,3.34,-2.67,-0.2,0.33,833427
107,2022-01-28,7.49,7.38,7.49,7.29,772,773891.0,2.74,1.23,0.09,0.2,833427
108,2022-02-07,7.49,8.43,8.79,7.36,14314,15742254.0,19.38,14.23,1.05,3.79,833427
109,2022-02-08,8.06,7.91,8.1,7.8,8293,8865643.0,3.56,-6.17,-0.52,2.2,833427
110,2022-02-09,7.97,7.85,7.98,7.79,3739,3978042.0,2.4,-0.76,-0.06,0.99,833427
111,2022-02-10,7.79,7.85,8.0,7.79,2559,2742518.0,2.68,0.0,0.0,0.68,833427
112,2022-02-11,7.83,7.43,7.83,7.35,5106,5194662.0,6.11,-5.35,-0.42,1.35,833427
113,2022-02-14,7.45,7.45,7.47,7.35,948,956547.0,1.62,0.27,0.02,0.25,833427
114,2022-02-15,7.46,7.44,7.55,7.37,1531,1551219.0,2.42,-0.13,-0.01,0.41,833427
115,2022-02-16,7.5,7.65,7.7,7.47,2796,2878182.0,3.09,2.82,0.21,0.74,833427
116,2022-02-17,7.75,7.52,7.75,7.43,2678,2734333.0,4.18,-1.7,-0.13,0.71,833427
117,2022-02-18,7.5,7.64,7.67,7.49,1444,1483106.0,2.39,1.6,0.12,0.38,833427
118,2022-02-21,7.66,7.64,7.67,7.55,1183,1219144.0,1.57,0.0,0.0,0.31,833427
119,2022-02-22,7.54,7.49,7.62,7.37,1208,1225764.0,3.27,-1.96,-0.15,0.32,833427
120,2022-02-23,7.41,7.55,7.59,7.38,1119,1140059.0,2.8,0.8,0.06,0.3,833427
121,2022-02-24,7.48,7.35,7.51,7.27,2124,2128161.0,3.18,-2.65,-0.2,0.56,833427
122,2022-02-25,7.37,7.34,7.43,7.31,1173,1177660.0,1.63,-0.14,-0.01,0.31,833427
123,2022-02-28,7.43,7.33,7.43,7.27,1106,1101273.0,2.18,-0.14,-0.01,0.29,833427
124,2022-03-01,7.36,7.39,7.42,7.32,311,312990.0,1.36,0.82,0.06,0.08,833427
125,2022-03-02,7.39,7.31,7.39,7.29,477,475153.0,1.35,-1.08,-0.08,0.13,833427
126,2022-03-03,7.37,7.35,7.37,7.3,547,545235.0,0.96,0.55,0.04,0.14,833427
127,2022-03-04,7.29,7.28,7.34,7.27,892,885415.0,0.95,-0.95,-0.07,0.24,833427
128,2022-03-07,7.36,7.21,7.36,7.19,1184,1172299.0,2.34,-0.96,-0.07,0.31,833427
129,2022-03-08,7.21,6.96,7.21,6.93,1072,1029822.0,3.88,-3.47,-0.25,0.28,833427
130,2022-03-09,6.97,6.76,6.97,6.58,1235,1143268.0,5.6,-2.87,-0.2,0.33,833427
131,2022-03-10,6.73,6.77,6.84,6.73,1064,990658.0,1.63,0.15,0.01,0.28,833427
132,2022-03-11,6.77,6.69,6.77,6.55,946,858854.0,3.25,-1.18,-0.08,0.25,833427
133,2022-03-14,6.61,6.4,6.73,6.39,628,564201.0,5.08,-4.33,-0.29,0.17,833427
134,2022-03-15,6.4,6.09,6.54,6.09,1410,1220434.0,7.03,-4.84,-0.31,0.37,833427
135,2022-03-16,6.13,6.22,6.25,5.93,1025,860966.0,5.25,2.13,0.13,0.27,833427
136,2022-03-17,6.37,6.51,6.79,6.37,1429,1293260.0,6.75,4.66,0.29,0.38,833427
137,2022-03-18,6.58,6.58,6.61,6.31,1233,1092928.0,4.61,1.08,0.07,0.33,833427
138,2022-03-21,6.65,6.45,6.66,6.42,618,551978.0,3.65,-1.98,-0.13,0.16,833427
139,2022-03-22,6.45,6.46,6.47,6.4,182,161001.0,1.09,0.16,0.01,0.05,833427
140,2022-03-23,6.51,6.5,6.53,6.44,208,185898.0,1.39,0.62,0.04,0.06,833427
141,2022-03-24,6.45,6.41,6.45,6.32,468,412828.0,2.0,-1.38,-0.09,0.12,833427
142,2022-03-25,6.43,6.33,6.43,6.28,324,283211.0,2.34,-1.25,-0.08,0.09,833427
143,2022-03-28,6.16,6.21,6.31,6.16,391,335116.0,2.37,-1.9,-0.12,0.1,833427
144,2022-03-29,6.33,6.27,6.33,6.19,116,99985.0,2.25,0.97,0.06,0.03,833427
145,2022-03-30,6.29,6.37,6.38,6.27,313,273350.0,1.75,1.59,0.1,0.08,833427
146,2022-03-31,6.39,6.37,6.39,6.33,187,163819.0,0.94,0.0,0.0,0.05,833427
147,2022-04-01,6.45,6.49,6.53,6.29,382,340184.0,3.77,1.88,0.12,0.1,833427
148,2022-04-06,6.55,6.55,6.55,6.38,690,615342.0,2.62,0.92,0.06,0.18,833427
149,2022-04-07,6.44,6.53,6.55,6.42,283,253107.0,1.98,-0.31,-0.02,0.07,833427
150,2022-04-08,6.55,6.57,6.6,6.43,517,464134.0,2.6,0.61,0.04,0.14,833427
151,2022-04-11,6.41,6.31,6.58,6.17,550,487492.0,6.24,-3.96,-0.26,0.15,833427
152,2022-04-12,6.46,6.43,6.46,6.25,369,320887.0,3.33,1.9,0.12,0.1,833427
153,2022-04-13,6.46,6.37,6.46,6.27,139,121207.0,2.95,-0.93,-0.06,0.04,833427
154,2022-04-14,6.46,6.39,6.47,6.29,338,296967.0,2.83,0.31,0.02,0.09,833427
155,2022-04-15,6.46,6.37,6.46,6.31,239,208513.0,2.35,-0.31,-0.02,0.06,833427
156,2022-04-18,6.51,6.45,6.51,6.17,318,280243.0,5.34,1.26,0.08,0.08,833427
157,2022-04-19,6.45,6.5,6.63,6.45,690,619150.0,2.79,0.78,0.05,0.18,833427
158,2022-04-20,6.62,6.51,6.62,6.45,400,359271.0,2.62,0.15,0.01,0.11,833427
159,2022-04-21,6.59,6.37,6.59,6.26,616,543477.0,5.07,-2.15,-0.14,0.16,833427
160,2022-04-22,6.45,6.42,6.45,6.19,285,249199.0,4.08,0.78,0.05,0.08,833427
161,2022-04-25,6.54,6.15,6.54,5.99,1025,875180.0,8.57,-4.21,-0.27,0.27,833427
162,2022-04-26,6.15,6.08,6.37,5.75,1536,1262555.0,10.08,-1.14,-0.07,0.41,833427
163,2022-04-27,5.97,6.11,6.13,5.86,758,635156.0,4.44,0.49,0.03,0.2,833427
164,2022-04-28,5.89,6.29,6.37,5.89,785,664851.0,7.86,2.95,0.18,0.21,833427
165,2022-04-29,6.29,6.53,6.53,6.23,449,397758.0,4.77,3.82,0.24,0.12,833427
166,2022-05-05,6.31,6.45,6.49,6.31,513,455044.0,2.76,-1.23,-0.08,0.14,833427
167,2022-05-06,6.35,6.4,6.5,6.3,355,311451.0,3.1,-0.78,-0.05,0.09,833427
168,2022-05-09,6.24,6.43,6.54,6.24,429,381168.0,4.69,0.47,0.03,0.11,833427
169,2022-05-10,6.42,6.51,6.51,6.38,298,264648.0,2.02,1.24,0.08,0.08,833427
170,2022-05-11,6.41,6.52,6.62,6.41,496,446353.0,3.23,0.15,0.01,0.13,833427
171,2022-05-12,6.67,6.43,6.67,6.4,505,448137.0,4.14,-1.38,-0.09,0.13,833427
172,2022-05-13,6.55,6.77,6.86,6.47,1703,1564194.0,6.07,5.29,0.34,0.45,833427
173,2022-05-16,6.71,6.88,6.97,6.69,1947,1829537.0,4.14,1.62,0.11,0.52,833427
174,2022-05-17,6.89,6.79,6.89,6.77,533,497515.0,1.74,-1.31,-0.09,0.14,833427
175,2022-05-18,6.75,6.8,6.83,6.75,181,168196.0,1.18,0.15,0.01,0.05,833427
176,2022-05-19,6.67,6.78,6.81,6.67,303,280878.0,2.06,-0.29,-0.02,0.08,833427
177,2022-05-20,6.78,6.86,6.89,6.78,278,260112.0,1.62,1.18,0.08,0.07,833427
178,2022-05-23,6.87,6.86,6.92,6.79,549,515557.0,1.9,0.0,0.0,0.15,833427
179,2022-05-24,6.73,6.63,6.86,6.55,1303,1208617.0,4.52,-3.35,-0.23,0.35,833427
180,2022-05-25,6.64,6.6,6.64,6.51,688,476143.0,1.96,-0.45,-0.03,0.18,833427
181,2022-05-26,6.6,6.59,6.6,6.55,461,318929.0,0.76,-0.15,-0.01,0.12,833427
182,2022-05-27,6.57,6.55,6.58,6.52,368,253852.0,0.91,-0.61,-0.04,0.1,833427
183,2022-05-30,6.55,6.49,6.55,6.25,585,398006.0,4.58,-0.92,-0.06,0.16,833427
184,2022-05-31,6.56,6.52,6.56,6.35,367,252197.0,3.24,0.46,0.03,0.1,833427
185,2022-06-01,6.4,6.43,6.53,6.4,260,176580.0,1.99,-1.38,-0.09,0.07,833427
186,2022-06-02,6.4,6.38,6.52,6.32,516,349175.0,3.11,-0.78,-0.05,0.14,833427
187,2022-06-06,6.44,6.41,6.5,6.36,1486,1005323.0,2.19,0.47,0.03,0.39,833427
188,2022-06-07,6.37,6.41,6.45,6.36,267,180253.0,1.4,0.0,0.0,0.07,833427
189,2022-06-08,6.45,6.43,6.45,6.4,174,117708.0,0.78,0.31,0.02,0.05,833427
190,2022-06-09,6.35,6.4,6.49,6.35,79,53691.0,2.18,-0.47,-0.03,0.02,833427
191,2022-06-10,6.28,6.38,6.43,6.28,153,103064.0,2.34,-0.31,-0.02,0.04,833427
192,2022-06-13,6.42,6.34,6.42,6.34,416,279212.0,1.25,-0.63,-0.04,0.11,833427
193,2022-06-14,6.27,6.28,6.33,6.25,1073,710444.0,1.26,-0.95,-0.06,0.28,833427
194,2022-06-15,6.24,6.25,6.35,6.2,656,433902.0,2.39,-0.48,-0.03,0.17,833427
195,2022-06-16,6.23,6.19,6.3,6.05,1369,896287.0,4.0,-0.96,-0.06,0.36,833427
196,2022-06-17,6.21,6.12,6.21,6.0,1430,916381.0,3.39,-1.13,-0.07,0.38,833427
197,2022-06-20,6.0,6.12,6.13,6.0,407,262020.0,2.12,0.0,0.0,0.11,833427
198,2022-06-21,6.16,6.1,6.16,6.0,199,127609.0,2.61,-0.33,-0.02,0.05,833427
199,2022-06-22,6.1,6.01,6.12,6.0,206,132290.0,1.97,-1.48,-0.09,0.05,833427
200,2022-06-23,6.11,6.02,6.11,6.01,134,85276.0,1.66,0.17,0.01,0.04,833427
201,2022-06-24,5.93,6.02,6.02,5.93,522,329670.0,1.5,0.0,0.0,0.14,833427
202,2022-06-27,5.96,6.03,6.03,5.94,460,292300.0,1.5,0.17,0.01,0.12,833427
203,2022-06-28,5.94,6.23,6.25,5.94,1686,1095417.0,5.14,3.32,0.2,0.45,833427
204,2022-06-29,6.17,6.07,6.22,6.07,982,637723.0,2.41,-2.57,-0.16,0.26,833427
205,2022-06-30,6.19,6.12,6.2,6.03,535,342753.0,2.8,0.82,0.05,0.14,833427
206,2022-07-01,6.13,6.1,6.17,6.08,671,435534.0,1.47,-0.33,-0.02,0.18,833427
207,2022-07-04,6.08,6.12,6.13,6.05,415,266497.0,1.31,0.33,0.02,0.11,833427
208,2022-07-05,6.15,6.1,6.15,6.04,444,284682.0,1.8,-0.33,-0.02,0.12,833427
209,2022-07-06,6.04,5.9,6.04,5.87,422,265451.0,2.79,-3.28,-0.2,0.11,833427
210,2022-07-07,5.9,5.95,6.0,5.88,385,241769.0,2.03,0.85,0.05,0.1,833427
211,2022-07-08,5.91,6.04,6.04,5.88,1265,801421.81,2.69,1.51,0.09,0.34,833427
212,2022-07-11,6.08,6.01,6.08,5.96,270,171501.65,1.99,-0.5,-0.03,0.07,833427
213,2022-07-12,5.91,5.96,5.97,5.91,96,60220.42,1.0,-0.83,-0.05,0.03,833427
214,2022-07-13,5.97,5.95,6.04,5.94,598,380122.92,1.68,-0.17,-0.01,0.16,833427
215,2022-07-14,5.96,5.98,6.05,5.95,900,574175.55,1.68,0.5,0.03,0.24,833427
216,2022-07-15,5.95,5.88,5.95,5.86,766,478993.28,1.51,-1.67,-0.1,0.2,833427
217,2022-07-18,5.88,5.96,6.03,5.87,116,72690.21,2.72,1.36,0.08,0.03,833427
218,2022-07-19,5.94,5.95,5.96,5.9,318,199513.26,1.01,-0.17,-0.01,0.08,833427
219,2022-07-20,5.92,5.92,5.97,5.9,322,202120.05,1.18,-0.5,-0.03,0.09,833427
220,2022-07-21,5.92,5.92,5.96,5.91,125,78451.95,0.84,0.0,0.0,0.03,833427
221,2022-07-22,5.92,5.9,6.01,5.88,565,355525.11,2.2,-0.34,-0.02,0.15,833427
222,2022-07-25,5.88,5.78,5.92,5.76,350,216832.4,2.71,-2.03,-0.12,0.09,833427
223,2022-07-26,5.78,5.81,5.89,5.78,146,90139.66,1.9,0.52,0.03,0.04,833427
224,2022-07-27,5.9,5.95,5.95,5.9,460,288960.68,0.86,2.41,0.14,0.12,833427
225,2022-07-28,5.87,5.95,5.98,5.87,206,129362.23,1.85,0.0,0.0,0.05,833427
226,2022-07-29,5.98,5.87,5.98,5.87,249,155134.85,1.85,-1.34,-0.08,0.07,833427
227,2022-08-01,5.83,5.89,5.89,5.83,124,76660.78,1.02,0.34,0.02,0.03,833427
228,2022-08-02,5.81,5.68,5.94,5.53,1519,917314.64,6.96,-3.57,-0.21,0.4,833427
229,2022-08-03,5.8,5.65,5.8,5.55,359,213954.65,4.4,-0.53,-0.03,0.1,833427
230,2022-08-04,5.72,5.64,5.72,5.58,375,223347.96,2.48,-0.18,-0.01,0.1,833427
231,2022-08-05,5.58,5.65,5.66,5.58,138,82653.41,1.42,0.18,0.01,0.04,833427
232,2022-08-08,5.66,5.64,5.66,5.6,111,66508.25,1.06,-0.18,-0.01,0.03,833427
233,2022-08-09,5.73,5.72,5.73,5.65,569,344753.18,1.42,1.42,0.08,0.15,833427
234,2022-08-10,5.69,5.69,5.7,5.65,231,139178.2,0.87,-0.52,-0.03,0.06,833427
235,2022-08-11,5.76,5.8,5.83,5.69,571,350679.97,2.46,1.93,0.11,0.15,833427
236,2022-08-12,5.75,5.75,5.81,5.72,213,130272.47,1.55,-0.86,-0.05,0.06,833427
237,2022-08-15,5.69,5.73,5.76,5.69,270,163843.18,1.22,-0.35,-0.02,0.07,833427
238,2022-08-16,5.84,5.74,5.84,5.71,249,153780.44,2.27,0.17,0.01,0.07,833427
239,2022-08-17,5.71,5.74,5.78,5.7,110,66817.56,1.39,0.0,0.0,0.03,833427
240,2022-08-18,5.55,5.75,5.8,5.54,1429,865875.52,4.53,0.17,0.01,0.38,833427
241,2022-08-19,5.55,5.61,5.74,5.55,1316,781138.53,3.3,-2.43,-0.14,0.35,833427
242,2022-08-22,5.58,5.6,5.61,5.55,443,262508.99,1.07,-0.18,-0.01,0.12,833427
243,2022-08-23,5.66,5.6,5.66,5.58,102,60749.1,1.43,0.0,0.0,0.03,833427
244,2022-08-24,5.56,5.5,5.59,5.48,368,217084.96,1.96,-1.79,-0.1,0.1,833427
245,2022-08-25,5.6,5.5,5.6,5.5,403,236711.3,1.82,0.0,0.0,0.11,833427
246,2022-08-26,5.48,5.58,5.58,5.47,309,181824.76,2.0,1.45,0.08,0.08,833427
247,2022-08-29,5.46,5.51,5.63,5.45,1150,671279.51,3.23,-1.25,-0.07,0.3,833427
248,2022-08-30,5.5,5.45,5.5,5.37,305,176116.65,2.36,-1.09,-0.06,0.08,833427
249,2022-08-31,5.54,5.44,5.54,5.3,475,271507.6,4.4,-0.18,-0.01,0.13,833427
250,2022-09-01,5.44,5.44,5.44,5.35,15,8662.5,1.65,0.0,0.0,0.0,833427
251,2022-09-02,5.33,5.4,5.42,5.3,588,334326.3,2.21,-0.74,-0.04,0.16,833427
252,2022-09-05,5.32,5.36,5.48,5.32,322,184559.86,2.96,-0.74,-0.04,0.09,833427
253,2022-09-06,5.45,5.45,5.45,5.33,69,40126.21,2.24,1.68,0.09,0.02,833427
254,2022-09-07,5.44,5.46,5.46,5.44,12,6963.27,0.37,0.18,0.01,0.0,833427
255,2022-09-08,5.5,5.46,5.53,5.41,383,223703.68,2.2,0.0,0.0,0.1,833427
256,2022-09-09,5.41,5.45,5.45,5.38,52,30104.83,1.28,-0.18,-0.01,0.01,833427
257,2022-09-13,5.36,5.44,5.45,5.35,158,91148.03,1.83,-0.18,-0.01,0.04,833427
258,2022-09-14,5.35,5.41,5.41,5.35,53,30315.76,1.1,-0.55,-0.03,0.01,833427
259,2022-09-15,5.36,5.37,5.41,5.31,338,192382.53,1.85,-0.74,-0.04,0.09,833427
260,2022-09-16,5.44,5.41,5.58,5.29,1342,780161.97,5.4,0.74,0.04,0.36,833427
261,2022-09-19,5.45,5.35,5.45,5.35,366,209463.33,1.85,-1.11,-0.06,0.1,833427
262,2022-09-20,5.35,5.47,5.47,5.35,848,488449.49,2.24,2.24,0.12,0.22,833427
263,2022-09-21,5.47,5.79,5.86,5.45,4066,2460439.77,7.5,5.85,0.32,1.08,833427
264,2022-09-22,5.77,5.73,5.85,5.66,2143,1314859.11,3.28,-1.04,-0.06,0.57,833427
265,2022-09-23,5.79,5.61,5.79,5.46,441,261089.82,5.76,-2.09,-0.12,0.12,833427
266,2022-09-26,5.6,5.49,5.61,5.44,440,257912.8,3.03,-2.14,-0.12,0.12,833427
267,2022-09-27,5.56,5.53,5.57,5.39,194,111974.01,3.28,0.73,0.04,0.05,833427
268,2022-09-28,5.59,5.52,5.59,5.4,298,174967.99,3.44,-0.18,-0.01,0.08,833427
269,2022-09-29,5.52,5.43,5.52,5.31,653,374114.11,3.8,-1.63,-0.09,0.17,833427
270,2022-09-30,5.25,5.36,5.43,5.25,151,84897.4,3.31,-1.29,-0.07,0.04,833427
271,2022-10-10,5.27,5.38,5.43,5.27,77,44120.47,2.99,0.37,0.02,0.02,833427
272,2022-10-11,5.45,5.4,5.45,5.31,23,12970.5,2.6,0.37,0.02,0.01,833427
273,2022-10-12,5.47,5.39,5.47,5.28,178,102212.5,3.52,-0.19,-0.01,0.05,833427
274,2022-10-13,5.3,5.44,5.46,5.29,85,48292.36,3.15,0.93,0.05,0.02,833427
275,2022-10-14,5.35,5.46,5.5,5.35,516,298691.29,2.76,0.37,0.02,0.14,833427
276,2022-10-17,5.49,5.55,5.55,5.4,434,252911.54,2.75,1.65,0.09,0.11,833427
277,2022-10-18,5.46,5.54,5.56,5.46,255,149824.35,1.8,-0.18,-0.01,0.07,833427
278,2022-10-19,5.58,5.41,5.58,5.35,195,112368.0,4.15,-2.35,-0.13,0.05,833427
279,2022-10-20,5.39,5.43,5.43,5.29,426,242661.14,2.59,0.37,0.02,0.11,833427
280,2022-10-21,5.43,5.49,5.49,5.41,1047,610028.81,1.47,1.1,0.06,0.28,833427
281,2022-10-24,5.5,5.49,5.53,5.42,158,91386.5,2.0,0.0,0.0,0.04,833427
282,2022-10-25,5.35,5.47,5.48,5.35,121,70281.42,2.37,-0.36,-0.02,0.03,833427
283,2022-10-26,5.38,5.5,5.5,5.38,244,142171.2,2.19,0.55,0.03,0.06,833427
284,2022-10-27,5.38,5.48,5.55,5.38,463,270532.0,3.09,-0.36,-0.02,0.12,833427
285,2022-10-28,5.37,5.42,5.52,5.37,296,171516.69,2.74,-1.09,-0.06,0.08,833427
286,2022-10-31,5.48,5.45,5.48,5.37,158,91725.64,2.03,0.55,0.03,0.04,833427
287,2022-11-01,5.39,5.47,5.47,5.38,495,286082.51,1.65,0.37,0.02,0.13,833427
288,2022-11-02,5.4,5.51,5.52,5.4,800,465329.27,2.19,0.73,0.04,0.21,833427
289,2022-11-03,5.49,5.4,5.49,5.4,381,219387.6,1.63,-2.0,-0.11,0.1,833427
290,2022-11-04,5.37,5.41,5.5,5.37,942,541859.95,2.41,0.19,0.01,0.25,833427
291,2022-11-07,5.45,5.45,5.46,5.41,467,270210.04,0.92,0.74,0.04,0.12,833427
292,2022-11-08,5.45,5.44,5.45,5.4,134,77775.42,0.92,-0.18,-0.01,0.04,833427
293,2022-11-09,5.44,5.44,5.45,5.42,246,142389.25,0.55,0.0,0.0,0.07,833427
294,2022-11-10,5.4,5.43,5.44,5.4,70,40190.03,0.74,-0.18,-0.01,0.02,833427
295,2022-11-11,5.57,5.45,5.57,5.45,315,183880.37,2.21,0.37,0.02,0.08,833427
296,2022-11-14,5.46,5.41,5.46,5.4,383,220690.84,1.1,-0.73,-0.04,0.1,833427
297,2022-11-15,5.4,5.4,5.41,5.35,770,441663.71,1.11,-0.18,-0.01,0.2,833427
298,2022-11-16,5.38,5.42,5.44,5.37,1494,858505.21,1.3,0.37,0.02,0.4,833427
299,2022-11-17,5.38,5.42,5.43,5.38,198,113726.75,0.92,0.0,0.0,0.05,833427
300,2022-11-18,5.38,5.42,5.44,5.35,840,481948.31,1.66,0.0,0.0,0.22,833427
301,2022-11-21,5.42,5.43,5.47,5.4,1043,603776.42,1.29,0.18,0.01,0.28,833427
302,2022-11-22,5.45,5.4,5.45,5.38,1278,739377.7,1.29,-0.55,-0.03,0.34,833427
303,2022-11-23,5.38,5.38,5.42,5.38,575,330164.37,0.74,-0.37,-0.02,0.15,833427
304,2022-11-24,5.39,5.39,5.39,5.3,632,360466.0,1.67,0.19,0.01,0.17,833427
305,2022-11-25,5.34,5.39,5.4,5.34,195,111779.35,1.11,0.0,0.0,0.05,833427
306,2022-11-28,5.35,5.32,5.35,5.32,344,195730.97,0.56,-1.3,-0.07,0.09,833427
307,2022-11-29,5.32,5.38,5.39,5.32,255,145443.37,1.32,1.13,0.06,0.07,833427
308,2022-11-30,5.33,5.35,5.35,5.33,387,220265.25,0.37,-0.56,-0.03,0.1,833427
309,2022-12-01,5.35,5.38,5.4,5.33,157,89640.46,1.31,0.56,0.03,0.04,833427
310,2022-12-02,5.33,5.31,5.39,5.29,246,139520.79,1.86,-1.3,-0.07,0.07,833427
311,2022-12-05,5.29,5.34,5.37,5.29,433,245330.47,1.51,0.56,0.03,0.11,833427
312,2022-12-06,5.33,5.33,5.34,5.33,199,113096.56,0.19,-0.19,-0.01,0.05,833427
313,2022-12-07,5.29,5.35,5.37,5.29,142,81082.91,1.5,0.38,0.02,0.04,833427
314,2022-12-08,5.37,5.34,5.38,5.33,277,158101.5,0.93,-0.19,-0.01,0.07,833427
315,2022-12-09,5.3,5.32,5.38,5.3,93,53407.2,1.5,-0.37,-0.02,0.02,833427
316,2022-12-12,5.32,5.33,5.33,5.3,216,122275.88,0.56,0.19,0.01,0.06,833427
317,2022-12-13,5.34,5.33,5.35,5.3,472,268079.16,0.94,0.0,0.0,0.12,833427
318,2022-12-14,5.3,5.33,5.33,5.21,249,139735.0,2.25,0.0,0.0,0.07,833427
319,2022-12-15,5.24,5.26,5.33,5.23,144,80312.75,1.88,-1.31,-0.07,0.04,833427
320,2022-12-16,5.25,5.24,5.25,5.21,107,59680.0,0.76,-0.38,-0.02,0.03,833427
321,2022-12-19,5.24,5.14,5.3,5.05,498,272918.09,4.77,-1.91,-0.1,0.13,833427
322,2022-12-20,5.14,5.12,5.14,5.05,390,211073.9,1.75,-0.39,-0.02,0.1,833427
323,2022-12-21,5.05,5.13,5.13,5.04,298,161102.99,1.76,0.2,0.01,0.08,833427
324,2022-12-22,5.05,5.1,5.12,5.0,248,133612.23,2.34,-0.58,-0.03,0.07,833427
325,2022-12-23,5.02,5.01,5.18,4.99,380,206116.0,3.73,-1.76,-0.09,0.1,833427
326,2022-12-26,5.0,4.98,5.01,4.65,334,175627.52,7.19,-0.6,-0.03,0.09,833427
327,2022-12-27,5.09,4.95,5.09,4.8,303,159580.01,5.82,-0.6,-0.03,0.08,833427
328,2022-12-28,4.69,4.92,4.95,4.69,342,176680.75,5.25,-0.61,-0.03,0.09,833427
329,2022-12-29,4.78,4.82,4.88,4.69,844,429585.21,3.86,-2.03,-0.1,0.22,833427
330,2022-12-30,4.71,4.7,4.79,4.6,1894,948964.75,3.94,-2.49,-0.12,0.5,833427
331,2023-01-03,4.64,4.72,4.72,4.64,55,27425.14,1.7,0.43,0.02,0.01,833427
332,2023-01-04,4.72,4.72,4.72,4.65,144,72257.0,1.48,0.0,0.0,0.04,833427
333,2023-01-05,4.66,4.67,4.73,4.65,395,198437.5,1.69,-1.06,-0.05,0.1,833427
334,2023-01-06,4.73,4.71,4.73,4.65,145,72733.74,1.71,0.86,0.04,0.04,833427
335,2023-01-09,4.71,4.73,4.75,4.65,755,381848.58,2.12,0.42,0.02,0.2,833427
336,2023-01-10,4.72,4.62,4.72,4.61,539,269324.28,2.33,-2.33,-0.11,0.14,833427
337,2023-01-11,4.72,4.66,4.72,4.66,99,50248.43,1.3,0.87,0.04,0.03,833427
338,2023-01-12,4.65,4.64,4.7,4.63,162,81002.25,1.5,-0.43,-0.02,0.04,833427
339,2023-01-13,4.62,4.65,4.69,4.62,94,47002.81,1.51,0.22,0.01,0.02,833427
340,2023-01-16,4.72,4.65,4.81,4.65,1028,520551.56,3.44,0.0,0.0,0.27,833427
341,2023-01-17,4.65,4.62,4.65,4.61,117,58187.27,0.86,-0.65,-0.03,0.03,833427
342,2023-01-18,4.62,4.64,4.68,4.55,550,271324.89,2.81,0.43,0.02,0.15,833427
343,2023-01-19,4.64,4.64,4.69,4.61,59,29442.0,1.72,0.0,0.0,0.02,833427
344,2023-01-20,4.64,4.66,4.67,4.64,257,128771.25,0.65,0.43,0.02,0.07,833427
345,2023-01-30,4.65,4.71,4.74,4.65,269,136312.5,1.93,1.07,0.05,0.07,833427
346,2023-01-31,4.73,4.93,5.0,4.73,2466,1287462.04,5.73,4.67,0.22,0.65,833427
347,2023-02-01,4.93,5.0,5.07,4.93,1967,1054186.61,2.84,1.42,0.07,0.52,833427
348,2023-02-02,5.0,4.96,5.0,4.89,461,244245.52,2.2,-0.8,-0.04,0.12,833427
349,2023-02-03,4.96,4.96,4.99,4.93,262,139444.4,1.21,0.0,0.0,0.07,833427
350,2023-02-06,4.89,4.93,4.94,4.85,414,215696.16,1.81,-0.6,-0.03,0.11,833427
351,2023-02-07,4.93,4.93,4.93,4.85,275,144260.64,1.62,0.0,0.0,0.07,833427
352,2023-02-08,4.88,4.88,4.93,4.88,124,65134.0,1.01,-1.01,-0.05,0.03,833427
353,2023-02-09,4.88,4.91,4.91,4.88,243,127515.87,0.61,0.61,0.03,0.06,833427
354,2023-02-10,4.93,4.92,4.93,4.92,127,67035.0,0.2,0.2,0.01,0.03,833427
355,2023-02-13,4.93,4.93,4.94,4.81,552,291407.25,2.64,0.2,0.01,0.15,833427
356,2023-02-14,4.97,4.9,4.97,4.88,441,231273.01,1.83,-0.61,-0.03,0.12,833427
357,2023-02-15,4.94,4.89,4.94,4.88,198,103861.1,1.22,-0.2,-0.01,0.05,833427
358,2023-02-16,5.02,4.81,5.02,4.81,388,202526.02,4.29,-1.64,-0.08,0.1,833427
359,2023-02-17,4.81,4.85,4.92,4.81,550,289266.11,2.29,0.83,0.04,0.15,833427
360,2023-02-20,4.92,4.87,4.93,4.84,27,14215.5,1.86,0.41,0.02,0.01,833427
361,2023-02-21,4.94,4.87,4.94,4.87,237,123685.21,1.44,0.0,0.0,0.06,833427
362,2023-02-22,4.89,4.85,4.89,4.83,148,76880.6,1.23,-0.41,-0.02,0.04,833427
363,2023-02-23,4.85,4.82,4.86,4.74,355,182704.01,2.47,-0.62,-0.03,0.09,833427
364,2023-02-24,4.8,4.85,4.85,4.76,125,64053.9,1.87,0.62,0.03,0.03,833427
365,2023-02-27,4.86,4.75,4.86,4.75,139,70892.0,2.27,-2.06,-0.1,0.04,833427
366,2023-02-28,4.82,4.83,4.83,4.77,247,127496.97,1.26,1.68,0.08,0.07,833427
367,2023-03-01,4.82,4.81,4.83,4.8,520,268459.93,0.62,-0.41,-0.02,0.14,833427
368,2023-03-02,4.78,4.76,4.82,4.76,292,149536.1,1.25,-1.04,-0.05,0.08,833427
369,2023-03-03,4.82,4.76,4.82,4.75,483,246665.5,1.47,0.0,0.0,0.13,833427
370,2023-03-06,4.75,4.79,4.81,4.73,161,81846.0,1.68,0.63,0.03,0.04,833427
371,2023-03-07,4.71,4.76,4.76,4.65,351,177640.74,2.3,-0.63,-0.03,0.09,833427
372,2023-03-08,4.75,4.75,4.8,4.75,100,51011.05,1.05,-0.21,-0.01,0.03,833427
373,2023-03-09,4.77,4.79,4.79,4.7,677,345128.75,1.89,0.84,0.04,0.18,833427
374,2023-03-10,4.79,4.75,4.8,4.69,491,251602.76,2.3,-0.84,-0.04,0.13,833427
375,2023-03-13,4.69,4.76,4.79,4.65,295,148468.19,2.95,0.21,0.01,0.08,833427
376,2023-03-14,4.69,4.73,4.73,4.66,123,61978.12,1.47,-0.63,-0.03,0.03,833427
377,2023-03-15,4.76,4.78,4.8,4.73,265,135042.12,1.48,1.06,0.05,0.07,833427
378,2023-03-16,4.77,4.71,4.77,4.66,197,99233.78,2.3,-1.46,-0.07,0.05,833427
379,2023-03-17,4.75,4.76,4.76,4.69,58,29258.3,1.49,1.06,0.05,0.02,833427
380,2023-03-20,4.71,4.7,4.71,4.69,68,34279.24,0.42,-1.26,-0.06,0.02,833427
381,2023-03-21,4.76,4.79,4.8,4.7,366,187041.82,2.13,1.91,0.09,0.1,833427
382,2023-03-22,4.83,4.78,4.84,4.71,427,219383.39,2.71,-0.21,-0.01,0.11,833427
383,2023-03-23,4.77,4.8,4.82,4.72,453,231583.59,2.09,0.42,0.02,0.12,833427
384,2023-03-24,4.77,4.8,4.8,4.75,48,24348.37,1.04,0.0,0.0,0.01,833427
385,2023-03-27,4.72,4.8,4.8,4.72,93,46937.5,1.67,0.0,0.0,0.02,833427
386,2023-03-28,4.72,4.71,4.76,4.7,258,131105.0,1.25,-1.88,-0.09,0.07,833427
387,2023-03-29,4.75,4.7,4.76,4.69,234,118361.21,1.49,-0.21,-0.01,0.06,833427
388,2023-03-30,4.7,4.69,4.7,4.67,87,43931.03,0.64,-0.21,-0.01,0.02,833427
389,2023-03-31,4.69,4.67,4.76,4.65,103,51808.2,2.35,-0.43,-0.02,0.03,833427
390,2023-04-03,4.66,4.75,4.77,4.65,325,164199.65,2.57,1.71,0.08,0.09,833427
391,2023-04-04,4.68,4.75,4.75,4.66,135,68032.73,1.89,0.0,0.0,0.04,833427
392,2023-04-06,4.68,4.74,4.74,4.68,116,58528.54,1.26,-0.21,-0.01,0.03,833427
393,2023-04-07,4.67,4.67,4.75,4.65,225,112651.98,2.11,-1.48,-0.07,0.06,833427
394,2023-04-10,4.73,4.67,4.74,4.67,116,58584.12,1.5,0.0,0.0,0.03,833427
395,2023-04-11,4.65,4.72,4.72,4.64,488,244008.25,1.71,1.07,0.05,0.13,833427
396,2023-04-12,4.74,4.66,4.74,4.65,274,138022.75,1.91,-1.27,-0.06,0.07,833427
397,2023-04-13,4.62,4.64,4.64,4.6,96,47464.5,0.86,-0.43,-0.02,0.03,833427
398,2023-04-14,4.64,4.65,4.73,4.64,533,267871.75,1.94,0.22,0.01,0.14,833427
399,2023-04-17,4.65,4.71,4.71,4.65,124,62241.29,1.29,1.29,0.06,0.03,833427
400,2023-04-18,4.65,4.69,4.69,4.65,247,123630.0,0.85,-0.42,-0.02,0.07,833427
401,2023-04-19,4.69,4.65,4.72,4.65,59,29585.0,1.49,-0.85,-0.04,0.02,833427
402,2023-04-20,4.72,4.76,4.89,4.72,1684,866570.7,3.66,2.37,0.11,0.45,833427
403,2023-04-21,4.78,4.78,4.84,4.7,1080,552293.05,2.94,0.42,0.02,0.29,833427
404,2023-04-24,4.65,4.78,4.84,4.65,545,281339.86,3.97,0.0,0.0,0.14,833427
405,2023-04-25,4.75,4.81,4.83,4.72,363,185625.2,2.3,0.63,0.03,0.1,833427
406,2023-04-26,4.83,4.83,4.83,4.74,253,130380.06,1.87,0.42,0.02,0.07,833427
407,2023-04-27,4.74,4.76,4.82,4.73,265,135831.84,1.86,-1.45,-0.07,0.07,833427
408,2023-04-28,4.84,4.89,4.89,4.8,594,308978.12,1.89,2.73,0.13,0.16,833427
409,2023-05-04,4.92,5.01,5.01,4.92,600,318488.71,1.84,2.45,0.12,0.16,833427
410,2023-05-05,5.01,5.47,5.63,4.96,5099,2923509.35,13.37,9.18,0.46,1.35,833427
411,2023-05-08,5.57,6.4,6.53,5.32,28597,18632621.2,22.12,17.0,0.93,7.58,833427
412,2023-05-09,6.08,5.74,6.09,5.66,16490,10201492.66,6.72,-10.31,-0.66,4.37,833427
413,2023-05-10,5.65,5.35,5.67,5.26,7290,4143379.54,7.14,-6.79,-0.39,1.93,833427
414,2023-05-11,5.38,5.36,5.38,5.23,4863,2747136.86,2.8,0.19,0.01,1.29,833427
415,2023-05-12,5.3,5.39,5.42,5.26,1781,1017037.21,2.99,0.56,0.03,0.47,833427
416,2023-05-15,5.29,5.33,5.4,5.28,1843,1047552.1,2.23,-1.11,-0.06,0.49,833427
417,2023-05-16,5.35,5.31,5.41,5.26,1074,607775.25,2.81,-0.38,-0.02,0.28,833427
418,2023-05-17,5.29,5.3,5.35,5.25,1029,582024.05,1.88,-0.19,-0.01,0.27,833427
419,2023-05-18,5.37,5.41,5.44,5.3,2545,1457726.88,2.64,2.08,0.11,0.67,833427
420,2023-05-19,5.15,5.36,5.44,5.15,1701,965772.21,5.36,-0.92,-0.05,0.45,833427
421,2023-05-22,5.39,5.44,5.45,5.38,1476,850479.44,1.31,1.49,0.08,0.39,833427
422,2023-05-23,5.44,5.5,5.51,5.38,1681,976309.49,2.39,1.1,0.06,0.45,833427
423,2023-05-24,5.43,5.49,5.51,5.41,1269,738847.0,1.82,-0.18,-0.01,0.34,833427
424,2023-05-25,5.59,5.3,5.59,5.28,3189,1702751.32,5.65,-3.46,-0.19,0.84,833427
425,2023-05-26,5.42,5.26,5.42,5.23,1034,547311.99,3.58,-0.75,-0.04,0.27,833427
426,2023-05-29,5.25,5.3,5.42,5.25,624,333372.84,3.23,0.76,0.04,0.17,833427
427,2023-05-30,5.27,5.38,5.46,5.27,1198,646023.62,3.58,1.51,0.08,0.32,833427
428,2023-05-31,5.33,5.38,5.39,5.31,360,191954.13,1.49,0.0,0.0,0.1,833427
429,2023-06-01,5.43,5.39,5.44,5.33,654,350313.78,2.04,0.19,0.01,0.17,833427
430,2023-06-02,5.33,5.42,5.45,5.33,2123,1150172.94,2.23,0.56,0.03,0.56,833427
431,2023-06-05,5.36,5.43,5.45,5.34,1079,585525.69,2.03,0.18,0.01,0.29,833427
432,2023-06-06,5.34,5.38,5.38,5.27,2286,1213386.86,2.03,-0.92,-0.05,0.61,833427
433,2023-06-07,5.35,5.4,5.4,5.27,653,348844.71,2.42,0.37,0.02,0.17,833427
434,2023-06-08,5.41,5.9,6.29,5.31,12371,7119332.34,18.15,9.26,0.5,3.28,833427
435,2023-06-09,5.83,5.56,5.83,5.45,6738,3765894.64,6.44,-5.76,-0.34,1.79,833427
436,2023-06-12,5.5,5.42,5.56,5.38,2544,1378682.59,3.24,-2.52,-0.14,0.67,833427
437,2023-06-13,5.4,5.44,5.45,5.38,498,269314.31,1.29,0.37,0.02,0.13,833427
438,2023-06-14,5.38,5.46,5.53,5.37,1361,739022.14,2.94,0.37,0.02,0.36,833427
439,2023-06-15,5.4,5.35,5.47,5.32,1418,761387.5,2.75,-2.01,-0.11,0.38,833427
440,2023-06-16,5.42,5.42,5.43,5.38,485,262267.05,0.93,1.31,0.07,0.13,833427
441,2023-06-19,5.4,5.4,5.42,5.33,237,127665.15,1.66,-0.37,-0.02,0.06,833427
442,2023-06-20,5.44,5.34,5.44,5.3,1259,671629.22,2.59,-1.11,-0.06,0.33,833427
443,2023-06-21,5.36,5.36,5.36,5.3,615,327251.13,1.12,0.37,0.02,0.16,833427
444,2023-06-26,5.25,5.24,5.34,5.24,800,421988.08,1.87,-2.24,-0.12,0.21,833427
445,2023-06-27,5.24,5.31,5.33,5.21,349,183725.01,2.29,1.34,0.07,0.09,833427
446,2023-06-28,5.26,5.34,5.34,5.24,178,94122.3,1.88,0.56,0.03,0.05,833427
447,2023-06-29,5.35,5.37,5.38,5.28,500,267616.83,1.87,0.56,0.03,0.13,833427
448,2023-06-30,5.38,5.39,5.44,5.36,645,347508.79,1.49,0.37,0.02,0.17,833427
449,2023-07-03,5.44,5.4,5.44,5.35,303,163728.37,1.67,0.19,0.01,0.08,833427
450,2023-07-04,5.36,5.4,5.41,5.34,412,220937.25,1.3,0.0,0.0,0.11,833427
451,2023-07-05,5.43,5.4,5.43,5.32,869,467050.98,2.04,0.0,0.0,0.23,833427
452,2023-07-06,5.42,5.43,5.43,5.35,254,136627.39,1.48,0.56,0.03,0.07,833427
453,2023-07-07,5.43,5.39,5.43,5.36,160,86049.28,1.29,-0.74,-0.04,0.04,833427
454,2023-07-10,5.45,5.43,5.45,5.34,100,53748.78,2.04,0.74,0.04,0.03,833427
455,2023-07-11,5.36,5.42,5.42,5.36,90,48420.72,1.1,-0.18,-0.01,0.02,833427
456,2023-07-12,5.35,5.41,5.41,5.35,117,62895.76,1.11,-0.18,-0.01,0.03,833427
457,2023-07-13,5.34,5.39,5.44,5.34,615,330742.12,1.85,-0.37,-0.02,0.16,833427
458,2023-07-14,5.36,5.43,5.45,5.36,582,315441.2,1.67,0.74,0.04,0.15,833427
459,2023-07-17,5.37,5.41,5.41,5.33,475,253548.92,1.47,-0.37,-0.02,0.13,833427
460,2023-07-18,5.35,5.41,5.41,5.35,181,96740.5,1.11,0.0,0.0,0.05,833427
461,2023-07-19,5.36,5.38,5.42,5.36,151,81658.4,1.11,-0.55,-0.03,0.04,833427
462,2023-07-20,5.44,5.38,5.44,5.34,276,149128.5,1.86,0.0,0.0,0.07,833427
463,2023-07-21,5.42,5.37,5.42,5.34,844,452743.48,1.49,-0.19,-0.01,0.22,833427
464,2023-07-24,5.39,5.45,5.53,5.39,652,354587.98,2.61,1.49,0.08,0.17,833427
465,2023-07-25,5.47,5.53,5.54,5.47,2220,1221969.02,1.28,1.47,0.08,0.59,833427
466,2023-07-26,5.54,5.89,6.54,5.53,15618,9430780.99,18.26,6.51,0.36,4.14,833427
467,2023-07-27,5.6,5.62,5.78,5.57,8440,4753147.91,3.57,-4.58,-0.27,2.24,833427
468,2023-07-28,5.58,5.54,5.6,5.49,4518,2497013.54,1.96,-1.42,-0.08,1.2,833427
469,2023-07-31,5.58,5.6,5.78,5.57,2197,1241133.64,3.79,1.08,0.06,0.58,833427
470,2023-08-01,5.59,5.57,5.63,5.56,1883,1050653.8,1.25,-0.54,-0.03,0.5,833427
471,2023-08-02,5.56,5.56,5.62,5.51,2346,1297854.86,1.97,-0.18,-0.01,0.62,833427
472,2023-08-03,5.52,5.54,5.55,5.5,1044,577291.83,0.9,-0.36,-0.02,0.28,833427
473,2023-08-04,5.55,5.63,5.79,5.53,2829,1591634.03,4.69,1.62,0.09,0.75,833427
474,2023-08-07,5.58,5.61,5.66,5.58,1596,896889.01,1.42,-0.36,-0.02,0.42,833427
475,2023-08-08,5.69,5.68,5.73,5.61,1601,905275.36,2.14,1.25,0.07,0.42,833427
476,2023-08-09,5.68,5.57,5.68,5.53,1126,626847.1,2.64,-1.94,-0.11,0.3,833427
477,2023-08-10,5.55,5.57,5.59,5.55,415,231183.05,0.72,0.0,0.0,0.11,833427
478,2023-08-11,5.57,5.61,5.65,5.54,597,331723.69,1.97,0.72,0.04,0.16,833427
479,2023-08-14,5.48,5.52,5.55,5.48,327,180643.12,1.25,-1.6,-0.09,0.09,833427
480,2023-08-15,5.52,5.5,5.52,5.5,463,255001.74,0.36,-0.36,-0.02,0.12,833427
481,2023-08-16,5.51,5.51,5.62,5.5,442,245084.06,2.18,0.18,0.01,0.12,833427
482,2023-08-17,5.5,5.58,5.58,5.5,96,53299.0,1.45,1.27,0.07,0.03,833427
483,2023-08-18,5.52,5.59,5.59,5.51,449,248275.87,1.43,0.18,0.01,0.12,833427
