,日期,开盘,收盘,最高,最低,成交量,成交额,振幅,涨跌幅,涨跌额,换手率,stockCode
0,2021-06-25,12.16,12.16,12.33,11.97,84999,103464146.0,2.96,-0.16,-0.02,2.22,300322
1,2021-06-28,12.16,12.27,12.5,12.16,79794,98391850.0,2.8,0.9,0.11,2.08,300322
2,2021-06-29,12.48,12.45,12.84,12.16,114863,143326098.0,5.54,1.47,0.18,3.0,300322
3,2021-06-30,12.32,12.51,12.68,12.21,110633,137974163.0,3.78,0.48,0.06,2.89,300322
4,2021-07-01,12.38,11.78,12.39,11.73,118776,142956027.0,5.28,-5.84,-0.73,3.1,300322
5,2021-07-02,11.83,11.85,12.06,11.53,64022,75465548.0,4.5,0.59,0.07,1.67,300322
6,2021-07-05,11.92,12.03,12.06,11.76,52244,62368513.0,2.53,1.52,0.18,1.36,300322
7,2021-07-06,12.0,11.89,12.08,11.69,55155,65732708.0,3.24,-1.16,-0.14,1.44,300322
8,2021-07-07,11.83,11.63,11.83,11.55,74567,87000045.0,2.35,-2.19,-0.26,1.95,300322
9,2021-07-08,11.63,11.94,12.06,11.53,94908,112109809.0,4.56,2.67,0.31,2.48,300322
10,2021-07-09,11.74,11.65,11.83,11.48,87517,101968594.0,2.93,-2.43,-0.29,2.29,300322
11,2021-07-12,11.66,12.19,12.33,11.66,155296,188615537.0,5.75,4.64,0.54,4.06,300322
12,2021-07-13,12.16,11.91,12.42,11.79,148893,179304935.0,5.17,-2.3,-0.28,3.37,300322
13,2021-07-14,11.89,11.58,11.91,11.55,97305,113614747.0,3.02,-2.77,-0.33,2.2,300322
14,2021-07-15,11.53,11.26,11.63,11.18,84215,95489864.0,3.89,-2.76,-0.32,1.91,300322
15,2021-07-16,11.23,11.24,11.37,11.18,54256,61215207.0,1.69,-0.18,-0.02,1.23,300322
16,2021-07-19,11.24,11.84,11.95,11.06,139609,161996068.0,7.92,5.34,0.6,3.16,300322
17,2021-07-20,11.87,12.21,12.31,11.74,170948,207940808.0,4.81,3.13,0.37,3.87,300322
18,2021-07-21,12.28,12.15,12.34,11.97,133299,161851222.0,3.03,-0.49,-0.06,3.02,300322
19,2021-07-22,12.05,12.19,12.25,11.99,103584,125834571.0,2.14,0.33,0.04,2.34,300322
20,2021-07-23,12.26,11.95,12.6,11.85,195178,239512941.0,6.15,-1.97,-0.24,4.42,300322
21,2021-07-26,11.88,12.13,12.38,11.78,133576,161916605.0,5.02,1.51,0.18,3.02,300322
22,2021-07-27,12.11,12.31,12.58,12.05,206873,256787415.0,4.37,1.48,0.18,4.68,300322
23,2021-07-28,12.08,12.96,13.18,11.55,344616,435644368.0,13.24,5.28,0.65,7.8,300322
24,2021-07-29,13.15,13.69,13.94,12.65,432786,573675712.0,9.95,5.63,0.73,9.8,300322
25,2021-07-30,13.43,13.34,13.61,13.11,277330,371720784.0,3.65,-2.56,-0.35,6.28,300322
26,2021-08-02,13.71,13.79,13.86,13.4,250590,342591664.0,3.45,3.37,0.45,5.67,300322
27,2021-08-03,13.58,13.22,14.46,13.01,328256,452828720.0,10.51,-4.13,-0.57,7.43,300322
28,2021-08-04,13.24,13.44,13.78,13.16,237780,321631680.0,4.69,1.66,0.22,5.38,300322
29,2021-08-05,13.51,13.23,13.67,13.05,196133,261123931.0,4.61,-1.56,-0.21,4.44,300322
30,2021-08-06,13.17,12.94,13.35,12.74,187321,241967006.0,4.61,-2.19,-0.29,4.24,300322
31,2021-08-09,12.83,12.97,13.12,12.73,105887,137199149.0,3.01,0.23,0.03,2.4,300322
32,2021-08-10,13.05,13.07,13.22,12.83,134534,175736110.0,3.01,0.77,0.1,3.05,300322
33,2021-08-11,13.09,13.53,13.63,13.09,198767,266947692.0,4.13,3.52,0.46,4.5,300322
34,2021-08-12,13.48,13.39,13.86,13.22,193123,261603190.0,4.73,-1.03,-0.14,4.37,300322
35,2021-08-13,13.43,13.96,14.21,13.38,301611,419786608.0,6.2,4.26,0.57,6.83,300322
36,2021-08-16,14.26,13.22,14.26,13.09,249583,337419904.0,8.38,-5.3,-0.74,5.65,300322
37,2021-08-17,13.11,12.31,13.23,12.28,186698,236987202.0,7.19,-6.88,-0.91,4.23,300322
38,2021-08-18,12.43,12.63,12.7,12.34,88545,111183201.0,2.92,2.6,0.32,2.0,300322
39,2021-08-19,12.46,12.79,12.93,12.43,104654,133852288.0,3.96,1.27,0.16,2.37,300322
40,2021-08-20,12.76,12.65,12.79,12.38,80954,102023466.0,3.21,-1.09,-0.14,1.83,300322
41,2021-08-23,12.64,12.96,13.22,12.53,140878,183119820.0,5.45,2.45,0.31,3.19,300322
42,2021-08-24,12.99,12.72,13.14,12.61,124853,160537361.0,4.09,-1.85,-0.24,2.83,300322
43,2021-08-25,12.93,12.99,13.56,12.9,171741,226556389.0,5.19,2.12,0.27,3.89,300322
44,2021-08-26,13.03,13.06,13.38,12.89,145614,192123136.0,3.77,0.54,0.07,3.3,300322
45,2021-08-27,12.97,12.13,13.03,12.03,192094,240184262.0,7.66,-7.12,-0.93,4.35,300322
46,2021-08-30,12.3,11.85,12.57,11.65,172751,207414893.0,7.58,-2.31,-0.28,3.91,300322
47,2021-08-31,11.85,11.68,11.88,11.45,107951,125753630.0,3.63,-1.43,-0.17,2.44,300322
48,2021-09-01,11.57,11.79,11.87,11.57,87847,103170428.0,2.57,0.94,0.11,1.99,300322
49,2021-09-02,11.71,11.88,11.93,11.55,73693,86640386.0,3.22,0.76,0.09,1.67,300322
50,2021-09-03,11.78,11.84,12.09,11.77,74753,89247943.0,2.69,-0.34,-0.04,1.69,300322
51,2021-09-06,11.77,12.03,12.16,11.59,93239,110769791.0,4.81,1.6,0.19,2.11,300322
52,2021-09-07,12.28,12.15,12.43,12.03,102968,125441384.0,3.33,1.0,0.12,2.33,300322
53,2021-09-08,12.18,13.16,13.38,12.11,297436,385736176.0,10.45,8.31,1.01,6.73,300322
54,2021-09-09,13.23,13.75,14.1,12.89,448484,614750800.0,9.19,4.48,0.59,10.15,300322
55,2021-09-10,13.75,13.35,13.84,13.14,302118,405651120.0,5.09,-2.91,-0.4,6.84,300322
56,2021-09-13,13.19,12.89,13.23,12.71,188548,242999281.0,3.9,-3.45,-0.46,4.27,300322
57,2021-09-14,12.8,12.48,13.02,12.39,203607,258798436.0,4.89,-3.18,-0.41,4.61,300322
58,2021-09-15,12.48,12.29,12.49,12.19,115629,142429590.0,2.4,-1.52,-0.19,2.62,300322
59,2021-09-16,12.38,11.94,12.38,11.81,148393,179176685.0,4.64,-2.85,-0.35,3.36,300322
60,2021-09-17,11.96,11.89,12.08,11.68,101175,120616564.0,3.35,-0.42,-0.05,2.29,300322
61,2021-09-22,11.83,11.98,12.08,11.76,71870,85916508.0,2.69,0.76,0.09,1.63,300322
62,2021-09-23,12.05,12.08,12.23,11.98,87024,105496850.0,2.09,0.83,0.1,1.97,300322
63,2021-09-24,12.0,11.89,12.12,11.84,66003,78888319.0,2.32,-1.57,-0.19,1.49,300322
64,2021-09-27,12.11,11.25,12.21,11.21,114796,134411387.0,8.41,-5.38,-0.64,2.6,300322
65,2021-09-28,11.25,11.33,11.43,11.08,51597,58202136.0,3.11,0.71,0.08,1.17,300322
66,2021-09-29,11.33,10.81,11.38,10.75,74762,82029733.0,5.56,-4.59,-0.52,1.69,300322
67,2021-09-30,10.85,10.91,11.06,10.85,39604,43518623.0,1.94,0.93,0.1,0.9,300322
68,2021-10-08,11.04,11.15,11.31,11.01,38686,43363533.0,2.75,2.2,0.24,0.88,300322
69,2021-10-11,11.1,11.28,11.35,11.1,40667,45824277.0,2.24,1.17,0.13,0.92,300322
70,2021-10-12,11.19,11.09,11.28,10.98,37771,42106033.0,2.66,-1.68,-0.19,0.85,300322
71,2021-10-13,11.28,11.39,11.54,11.18,55409,63070286.0,3.25,2.71,0.3,1.25,300322
72,2021-10-14,11.32,11.23,11.46,11.17,43192,48682804.0,2.55,-1.4,-0.16,0.98,300322
73,2021-10-15,11.35,11.14,11.35,11.09,31687,35446876.0,2.32,-0.8,-0.09,0.72,300322
74,2021-10-18,11.04,11.1,11.2,10.98,33987,37788296.0,1.97,-0.36,-0.04,0.77,300322
75,2021-10-19,11.15,11.16,11.23,11.08,34379,38335156.0,1.35,0.54,0.06,0.78,300322
76,2021-10-20,11.16,10.92,11.22,10.84,54890,60173820.0,3.41,-2.15,-0.24,1.24,300322
77,2021-10-21,11.06,10.75,11.06,10.73,43067,46919803.0,3.02,-1.56,-0.17,0.97,300322
78,2021-10-22,10.7,10.55,10.86,10.53,56738,60505586.0,3.07,-1.86,-0.2,1.28,300322
79,2021-10-25,10.63,10.7,10.75,10.45,38904,41313738.0,2.84,1.42,0.15,0.88,300322
80,2021-10-26,10.78,10.98,11.08,10.65,67364,73587503.0,4.02,2.62,0.28,1.52,300322
81,2021-10-27,10.93,10.58,10.93,10.52,52830,56494589.0,3.73,-3.64,-0.4,1.2,300322
82,2021-10-28,10.58,10.21,10.65,10.11,54812,56642655.0,5.1,-3.5,-0.37,1.24,300322
83,2021-10-29,10.29,10.42,10.48,10.24,34611,36012878.0,2.35,2.06,0.21,0.78,300322
84,2021-11-01,10.47,10.64,10.66,10.27,48182,50739633.0,3.74,2.11,0.22,1.09,300322
85,2021-11-02,10.67,10.64,10.79,10.43,50948,54223858.0,3.38,0.0,0.0,1.15,300322
86,2021-11-03,10.71,10.71,10.81,10.6,38326,41082813.0,1.97,0.66,0.07,0.87,300322
87,2021-11-04,10.9,10.88,11.08,10.83,62402,68254083.0,2.33,1.59,0.17,1.41,300322
88,2021-11-05,10.96,11.22,11.48,10.96,147627,166424059.0,4.78,3.13,0.34,3.34,300322
89,2021-11-08,11.19,11.21,11.26,11.06,62592,70008897.0,1.78,-0.09,-0.01,1.42,300322
90,2021-11-09,11.21,11.44,11.65,11.11,92659,105261880.0,4.82,2.05,0.23,2.1,300322
91,2021-11-10,11.39,11.79,11.93,11.33,144207,168344482.0,5.24,3.06,0.35,3.26,300322
92,2021-11-11,11.8,12.38,12.58,11.54,269053,328918368.0,8.82,5.0,0.59,6.09,300322
93,2021-11-12,12.38,12.41,12.65,12.19,230840,287253328.0,3.72,0.24,0.03,5.22,300322
94,2021-11-15,12.4,12.54,12.58,12.14,187656,232100953.0,3.55,1.05,0.13,4.25,300322
95,2021-11-16,12.58,12.79,13.16,12.35,296874,377348256.0,6.46,1.99,0.25,6.72,300322
96,2021-11-17,12.58,12.39,12.58,12.23,223042,277037568.0,2.74,-3.13,-0.4,5.05,300322
97,2021-11-18,12.35,12.13,12.62,12.1,162405,199273346.0,4.2,-2.1,-0.26,3.68,300322
98,2021-11-19,12.12,12.78,12.93,12.12,264576,334529376.0,6.68,5.36,0.65,5.99,300322
99,2021-11-22,13.33,13.7,14.98,13.15,531146,741050816.0,14.32,7.2,0.92,12.02,300322
100,2021-11-23,13.63,13.27,13.96,13.2,353964,477499712.0,5.55,-3.14,-0.43,8.01,300322
101,2021-11-24,13.14,13.28,13.6,13.05,310017,414567712.0,4.14,0.08,0.01,7.02,300322
102,2021-11-25,13.25,13.14,13.93,13.14,319613,431909584.0,5.95,-1.05,-0.14,7.23,300322
103,2021-11-26,12.98,12.95,13.25,12.87,224755,293689488.0,2.89,-1.45,-0.19,5.09,300322
104,2021-11-29,12.66,12.73,12.93,12.57,168002,214156167.0,2.78,-1.7,-0.22,3.8,300322
105,2021-11-30,12.81,12.78,12.97,12.47,181364,231415105.0,3.93,0.39,0.05,4.11,300322
106,2021-12-01,12.68,12.87,12.96,12.64,121067,155623307.0,2.5,0.7,0.09,2.74,300322
107,2021-12-02,12.76,12.28,12.83,12.23,155138,193858199.0,4.66,-4.58,-0.59,3.51,300322
108,2021-12-03,12.28,13.41,13.68,12.26,360043,472064032.0,11.56,9.2,1.13,8.15,300322
109,2021-12-06,13.78,14.56,15.45,13.72,672412,980867280.0,12.9,8.58,1.15,15.22,300322
110,2021-12-07,14.31,13.49,14.45,13.35,379779,525106656.0,7.55,-7.35,-1.07,8.6,300322
111,2021-12-08,13.78,14.55,15.08,13.63,390557,566540368.0,10.75,7.86,1.06,8.84,300322
112,2021-12-09,14.78,14.34,14.78,14.07,353729,505591632.0,4.88,-1.44,-0.21,8.01,300322
113,2021-12-10,14.01,14.12,14.41,13.77,228150,322592672.0,4.46,-1.53,-0.22,5.16,300322
114,2021-12-13,14.0,14.56,14.88,13.78,319794,461242256.0,7.79,3.12,0.44,7.24,300322
115,2021-12-14,14.62,14.54,15.07,14.44,311208,459452320.0,4.33,-0.14,-0.02,7.04,300322
116,2021-12-15,14.22,14.55,14.93,14.2,220152,321510496.0,5.02,0.07,0.01,4.98,300322
117,2021-12-16,14.42,14.24,15.04,14.22,299221,437392912.0,5.64,-2.13,-0.31,6.77,300322
118,2021-12-17,14.33,13.87,14.42,13.68,226219,315448624.0,5.2,-2.6,-0.37,5.12,300322
119,2021-12-20,13.51,13.95,14.34,13.44,214808,302296064.0,6.49,0.58,0.08,4.86,300322
120,2021-12-21,13.88,13.99,14.28,13.87,119552,168211795.0,2.94,0.29,0.04,2.71,300322
121,2021-12-22,14.2,14.81,15.06,13.96,294391,432877408.0,7.86,5.86,0.82,6.66,300322
122,2021-12-23,14.65,14.43,15.05,14.41,169491,247633118.0,4.32,-2.57,-0.38,3.84,300322
123,2021-12-24,14.53,13.87,14.78,13.81,195347,275892080.0,6.72,-3.88,-0.56,4.42,300322
124,2021-12-27,13.89,13.73,13.99,13.39,165855,227082148.0,4.33,-1.01,-0.14,3.75,300322
125,2021-12-28,13.79,14.29,14.54,13.69,201337,285632864.0,6.19,4.08,0.56,4.56,300322
126,2021-12-29,14.27,13.99,14.28,13.78,119433,166731597.0,3.5,-2.1,-0.3,2.7,300322
127,2021-12-30,14.16,14.16,14.43,13.97,132869,189225043.0,3.29,1.22,0.17,3.01,300322
128,2021-12-31,14.07,13.86,15.1,13.73,258974,369892352.0,9.68,-2.12,-0.3,5.86,300322
129,2022-01-04,13.87,14.27,14.46,13.79,186336,265877981.0,4.83,2.96,0.41,4.22,300322
130,2022-01-05,14.16,13.92,14.16,13.43,229348,316067792.0,5.12,-2.45,-0.35,5.19,300322
131,2022-01-06,13.78,14.37,14.66,13.74,280213,401302544.0,6.61,3.23,0.45,6.34,300322
132,2022-01-07,14.37,13.64,14.68,13.61,221136,308250080.0,7.45,-5.08,-0.73,5.0,300322
133,2022-01-10,13.53,13.68,13.92,13.07,131213,177644732.0,6.23,0.29,0.04,2.97,300322
134,2022-01-11,13.58,13.2,13.71,13.11,133622,178374640.0,4.39,-3.51,-0.48,3.02,300322
135,2022-01-12,13.22,13.17,13.37,13.07,111760,147645829.0,2.27,-0.23,-0.03,2.53,300322
136,2022-01-13,13.28,12.88,13.34,12.68,113907,148194458.0,5.01,-2.2,-0.29,2.58,300322
137,2022-01-14,12.9,12.53,12.99,12.47,125948,160170756.0,4.04,-2.72,-0.35,2.85,300322
138,2022-01-17,12.55,12.85,12.98,12.48,108482,139353733.0,3.99,2.55,0.32,2.46,300322
139,2022-01-18,12.89,12.44,12.95,12.28,123750,155722767.0,5.21,-3.19,-0.41,2.8,300322
140,2022-01-19,12.38,12.4,12.58,12.28,69816,86828378.0,2.41,-0.32,-0.04,1.58,300322
141,2022-01-20,12.46,11.84,12.46,11.77,118457,142420600.0,5.56,-4.52,-0.56,2.68,300322
142,2022-01-21,11.78,11.69,11.96,11.63,60377,71167514.0,2.79,-1.27,-0.15,1.37,300322
143,2022-01-24,11.67,11.76,11.93,11.58,66495,78507273.0,2.99,0.6,0.07,1.5,300322
144,2022-01-25,11.68,11.25,11.91,11.25,68021,78194963.0,5.61,-4.34,-0.51,1.54,300322
145,2022-01-26,11.23,11.25,11.47,11.08,53883,60753288.0,3.47,0.0,0.0,1.22,300322
146,2022-01-27,11.36,10.85,11.46,10.83,64528,71764104.0,5.6,-3.56,-0.4,1.46,300322
147,2022-01-28,10.97,11.14,11.4,10.92,94944,106362498.0,4.42,2.67,0.29,2.15,300322
148,2022-02-07,11.33,11.25,11.42,11.18,54136,61068050.0,2.15,0.99,0.11,1.23,300322
149,2022-02-08,11.2,11.43,11.43,11.11,58943,66759198.0,2.84,1.6,0.18,1.33,300322
150,2022-02-09,11.38,11.76,11.81,11.38,81290,94933082.0,3.76,2.89,0.33,1.84,300322
151,2022-02-10,11.76,11.63,11.76,11.55,54442,63321197.0,1.79,-1.11,-0.13,1.23,300322
152,2022-02-11,11.57,11.26,11.59,11.23,65561,74603333.0,3.1,-3.18,-0.37,1.48,300322
153,2022-02-14,11.27,11.32,11.4,11.04,42562,48113579.0,3.2,0.53,0.06,0.96,300322
154,2022-02-15,11.33,11.43,11.47,11.23,41700,47465789.0,2.12,0.97,0.11,0.94,300322
155,2022-02-16,11.41,11.54,11.62,11.38,45200,52199471.0,2.1,0.96,0.11,1.02,300322
156,2022-02-17,11.54,11.38,11.6,11.31,48179,55309776.0,2.51,-1.39,-0.16,1.09,300322
157,2022-02-18,11.3,11.41,11.41,11.2,41599,47218349.0,1.85,0.26,0.03,0.94,300322
158,2022-02-21,11.36,11.74,11.81,11.33,76275,88978178.0,4.21,2.89,0.33,1.73,300322
159,2022-02-22,11.65,11.5,11.71,11.4,65438,75766429.0,2.64,-2.04,-0.24,1.48,300322
160,2022-02-23,11.51,11.76,11.82,11.51,66469,78088475.0,2.7,2.26,0.26,1.5,300322
161,2022-02-24,11.7,11.61,12.1,11.43,124651,146597542.0,5.7,-1.28,-0.15,2.82,300322
162,2022-02-25,11.76,11.6,11.88,11.54,61157,71599249.0,2.93,-0.09,-0.01,1.38,300322
163,2022-02-28,11.53,11.57,11.6,11.32,47708,54859386.0,2.41,-0.26,-0.03,1.08,300322
164,2022-03-01,11.65,11.67,11.7,11.52,50434,58613443.0,1.56,0.86,0.1,1.14,300322
165,2022-03-02,11.56,11.61,11.63,11.5,45030,52154544.0,1.11,-0.51,-0.06,1.02,300322
166,2022-03-03,11.72,11.39,11.75,11.38,62292,71766360.0,3.19,-1.89,-0.22,1.41,300322
167,2022-03-04,11.38,11.27,11.47,11.2,43527,49396076.0,2.37,-1.05,-0.12,0.99,300322
168,2022-03-07,11.28,10.79,11.28,10.69,79237,86910121.0,5.24,-4.26,-0.48,1.79,300322
169,2022-03-08,10.93,10.54,10.93,10.48,54406,58283253.0,4.17,-2.32,-0.25,1.23,300322
170,2022-03-09,10.58,10.38,10.73,9.93,64743,67162790.0,7.59,-1.52,-0.16,1.47,300322
171,2022-03-10,10.69,10.48,10.72,10.46,47833,50638215.0,2.5,0.96,0.1,1.08,300322
172,2022-03-11,10.38,10.62,10.65,10.25,44335,46303698.0,3.82,1.34,0.14,1.0,300322
173,2022-03-14,10.56,10.31,10.63,10.31,37562,39391087.0,3.01,-2.92,-0.31,0.85,300322
174,2022-03-15,10.28,9.69,10.33,9.67,65134,65274270.0,6.4,-6.01,-0.62,1.47,300322
175,2022-03-16,9.85,10.06,10.06,9.54,56801,56092260.0,5.37,3.82,0.37,1.29,300322
176,2022-03-17,10.31,10.24,10.41,10.16,55427,57105492.0,2.49,1.79,0.18,1.25,300322
177,2022-03-18,10.23,10.31,10.38,10.15,32467,33511281.0,2.25,0.68,0.07,0.73,300322
178,2022-03-21,10.34,10.61,10.67,10.34,60513,64111215.0,3.2,2.91,0.3,1.37,300322
179,2022-03-22,10.55,10.68,10.81,10.37,45668,48723100.0,4.15,0.66,0.07,1.03,300322
180,2022-03-23,10.66,10.93,10.97,10.57,79090,85679382.0,3.75,2.34,0.25,1.79,300322
181,2022-03-24,10.88,10.75,10.88,10.58,66631,71479235.0,2.74,-1.65,-0.18,1.51,300322
182,2022-03-25,10.78,10.46,10.86,10.43,59679,63222170.0,4.0,-2.7,-0.29,1.35,300322
183,2022-03-28,9.98,10.41,10.49,9.88,76020,77928547.0,5.83,-0.48,-0.05,1.72,300322
184,2022-03-29,10.41,9.96,10.47,9.89,76111,76714421.0,5.57,-4.32,-0.45,1.72,300322
185,2022-03-30,10.06,10.03,10.19,9.95,70084,70449641.0,2.41,0.7,0.07,1.59,300322
186,2022-03-31,10.03,9.81,10.09,9.78,59147,58728436.0,3.09,-2.19,-0.22,1.34,300322
187,2022-04-01,9.78,9.7,9.81,9.64,51312,49883881.0,1.73,-1.12,-0.11,1.16,300322
188,2022-04-06,9.75,9.63,9.85,9.56,59252,57572239.0,2.99,-0.72,-0.07,1.34,300322
189,2022-04-07,9.58,9.19,9.63,9.19,60729,57105613.0,4.57,-4.57,-0.44,1.37,300322
190,2022-04-08,9.28,9.05,9.32,8.98,48464,44169727.0,3.7,-1.52,-0.14,1.1,300322
191,2022-04-11,9.06,8.54,9.08,8.43,80962,70310428.0,7.18,-5.64,-0.51,1.83,300322
192,2022-04-12,8.52,8.75,8.78,8.41,52683,45382726.0,4.33,2.46,0.21,1.19,300322
193,2022-04-13,8.71,8.38,8.72,8.37,40766,34703912.0,4.0,-4.23,-0.37,0.92,300322
194,2022-04-14,8.51,8.52,8.6,8.43,38605,33021826.0,2.03,1.67,0.14,0.87,300322
195,2022-04-15,8.41,8.35,8.5,8.29,41887,35170595.0,2.46,-2.0,-0.17,0.95,300322
196,2022-04-18,8.26,8.47,8.53,8.14,44267,37237032.0,4.67,1.44,0.12,1.0,300322
197,2022-04-19,8.47,8.55,8.64,8.45,34765,29799709.0,2.24,0.94,0.08,0.79,300322
198,2022-04-20,8.54,8.38,8.66,8.29,43824,37259041.0,4.33,-1.99,-0.17,0.99,300322
199,2022-04-21,8.33,7.88,8.38,7.81,66677,53967005.0,6.8,-5.97,-0.5,1.51,300322
200,2022-04-22,7.89,7.62,7.93,7.58,86118,66531691.0,4.44,-3.3,-0.26,1.95,300322
201,2022-04-25,7.49,6.79,7.49,6.77,121852,86798049.0,9.45,-10.89,-0.83,2.76,300322
202,2022-04-26,6.93,6.64,6.99,6.56,90963,62459494.0,6.33,-2.21,-0.15,2.06,300322
203,2022-04-27,6.65,6.91,6.94,6.5,78688,53095597.0,6.63,4.07,0.27,1.78,300322
204,2022-04-28,6.91,7.13,7.27,6.8,118719,84459084.0,6.8,3.18,0.22,2.69,300322
205,2022-04-29,7.14,7.29,7.34,7.08,98536,71441329.0,3.65,2.24,0.16,2.23,300322
206,2022-05-05,7.27,7.38,7.5,7.23,62913,46634660.0,3.7,1.23,0.09,1.42,300322
207,2022-05-06,7.25,7.34,7.44,7.16,52005,38072303.0,3.79,-0.54,-0.04,1.18,300322
208,2022-05-09,7.48,7.64,7.77,7.43,68165,52273818.0,4.63,4.09,0.3,1.55,300322
209,2022-05-10,7.55,8.1,8.17,7.5,115485,92031274.0,8.77,6.02,0.46,2.63,300322
210,2022-05-11,8.22,8.08,8.5,8.08,186602,155822196.0,5.19,-0.25,-0.02,4.25,300322
211,2022-05-12,8.26,8.8,8.89,8.05,225348,194577896.0,10.4,8.91,0.72,5.13,300322
212,2022-05-13,8.87,8.89,9.17,8.8,134703,121130542.0,4.2,1.02,0.09,3.07,300322
213,2022-05-16,8.89,8.63,9.0,8.58,89526,78047605.0,4.72,-2.92,-0.26,2.04,300322
214,2022-05-17,8.65,8.63,8.82,8.55,59629,51567542.0,3.13,0.0,0.0,1.36,300322
215,2022-05-18,8.81,8.97,9.07,8.7,82484,73769871.0,4.29,3.94,0.34,1.88,300322
216,2022-05-19,8.9,8.71,8.9,8.65,69512,60727393.0,2.79,-2.9,-0.26,1.58,300322
217,2022-05-20,8.8,8.72,8.86,8.64,53459,46624382.0,2.53,0.11,0.01,1.22,300322
218,2022-05-23,8.75,9.01,9.05,8.72,66538,59580574.0,3.78,3.33,0.29,1.51,300322
219,2022-05-24,9.02,8.56,9.07,8.53,79822,69958752.0,5.99,-4.99,-0.45,1.82,300322
220,2022-05-25,8.55,8.51,8.64,8.42,52542,44790640.0,2.57,-0.58,-0.05,1.2,300322
221,2022-05-26,8.76,8.7,8.77,8.34,63146,54371016.0,5.05,2.23,0.19,1.44,300322
222,2022-05-27,8.75,8.52,8.77,8.43,50174,43002275.0,3.91,-2.07,-0.18,1.14,300322
223,2022-05-30,8.73,8.87,8.97,8.57,129259,113822133.0,4.69,4.11,0.35,2.94,300322
224,2022-05-31,8.88,9.18,9.44,8.65,181109,164662281.0,8.91,3.49,0.31,4.12,300322
225,2022-06-01,9.08,9.54,9.58,9.08,165283,154878692.0,5.45,3.92,0.36,3.76,300322
226,2022-06-02,9.53,9.31,9.58,9.21,80886,75311491.0,3.88,-2.41,-0.23,1.84,300322
227,2022-06-06,9.34,9.54,9.76,9.34,115483,110873206.0,4.51,2.47,0.23,2.63,300322
228,2022-06-07,9.55,9.22,9.61,9.19,78711,73434026.0,4.4,-3.35,-0.32,1.79,300322
229,2022-06-08,9.22,9.11,9.31,8.88,67067,61010916.0,4.66,-1.19,-0.11,1.53,300322
230,2022-06-09,9.04,8.54,9.17,8.52,133650,116284554.0,7.14,-6.26,-0.57,3.04,300322
231,2022-06-10,8.5,8.85,8.9,8.45,123795,108401080.0,5.27,3.63,0.31,2.82,300322
232,2022-06-13,8.8,8.85,8.93,8.64,85636,75149051.0,3.28,0.0,0.0,1.95,300322
233,2022-06-14,8.8,8.59,8.8,8.35,79766,67931957.0,5.08,-2.94,-0.26,1.82,300322
234,2022-06-15,8.62,8.56,8.79,8.56,60678,52586679.0,2.68,-0.35,-0.03,1.38,300322
235,2022-06-16,8.55,8.54,8.8,8.5,64776,55904429.0,3.5,-0.23,-0.02,1.47,300322
236,2022-06-17,8.58,8.56,8.63,8.36,69560,59322842.0,3.16,0.23,0.02,1.58,300322
237,2022-06-20,8.59,8.72,8.84,8.51,88064,76270597.0,3.86,1.87,0.16,2.0,300322
238,2022-06-21,8.73,8.57,8.75,8.44,69402,59591225.0,3.56,-1.72,-0.15,1.58,300322
239,2022-06-22,8.65,8.3,8.67,8.27,68099,57068540.0,4.67,-3.15,-0.27,1.55,300322
240,2022-06-23,8.28,8.58,8.59,8.28,70757,60152246.0,3.73,3.37,0.28,1.61,300322
241,2022-06-24,8.62,8.76,8.78,8.57,82507,71818124.0,2.45,2.1,0.18,1.88,300322
242,2022-06-27,8.84,8.74,8.88,8.66,50848,44381809.0,2.51,-0.23,-0.02,1.16,300322
243,2022-06-28,8.74,9.38,9.5,8.63,174923,160448264.0,9.95,7.32,0.64,3.98,300322
244,2022-06-29,9.24,8.85,9.28,8.81,161338,145256257.0,5.01,-5.65,-0.53,3.67,300322
245,2022-06-30,8.78,8.76,8.97,8.74,72301,63756531.0,2.6,-1.02,-0.09,1.65,300322
246,2022-07-01,8.77,8.84,9.16,8.75,112754,101143452.0,4.68,0.91,0.08,2.57,300322
247,2022-07-04,8.87,8.71,8.9,8.63,76364,66288167.0,3.05,-1.47,-0.13,1.74,300322
248,2022-07-05,8.76,8.76,8.82,8.54,61914,53930344.0,3.21,0.57,0.05,1.41,300322
249,2022-07-06,8.73,8.67,8.82,8.57,64788,56180709.0,2.85,-1.03,-0.09,1.47,300322
250,2022-07-07,8.71,9.04,9.07,8.65,98514,87968409.0,4.84,4.27,0.37,2.24,300322
251,2022-07-08,8.99,9.08,9.18,8.94,91634,82912313.0,2.65,0.44,0.04,2.09,300322
252,2022-07-11,8.96,8.8,9.06,8.74,57482,50952807.0,3.52,-3.08,-0.28,1.31,300322
253,2022-07-12,8.87,8.48,8.87,8.45,66161,57120540.0,4.77,-3.64,-0.32,1.51,300322
254,2022-07-13,8.55,8.6,8.7,8.51,39790,34214529.0,2.24,1.42,0.12,0.91,300322
255,2022-07-14,8.65,8.88,8.97,8.52,73808,65306656.0,5.23,3.26,0.28,1.68,300322
256,2022-07-15,8.89,8.65,8.89,8.65,53362,46840796.0,2.7,-2.59,-0.23,1.21,300322
257,2022-07-18,8.64,9.06,9.09,8.64,93970,84215138.0,5.2,4.74,0.41,2.14,300322
258,2022-07-19,9.19,9.6,9.65,9.01,190006,178980031.0,7.06,5.96,0.54,4.32,300322
259,2022-07-20,9.61,10.42,10.57,9.61,327891,334325915.0,10.0,8.54,0.82,7.46,300322
260,2022-07-21,10.15,10.62,10.8,10.05,294039,310301318.0,7.2,1.92,0.2,6.69,300322
261,2022-07-22,10.5,10.9,11.07,10.5,258255,280056319.0,5.37,2.64,0.28,5.88,300322
262,2022-07-25,11.0,10.85,11.68,10.78,295962,330481912.0,8.26,-0.46,-0.05,6.74,300322
263,2022-07-26,11.11,11.74,11.78,11.04,340511,390463367.0,6.82,8.2,0.89,7.75,300322
264,2022-07-27,11.61,11.9,12.05,11.3,289602,338411396.0,6.39,1.36,0.16,6.59,300322
265,2022-07-28,11.97,12.3,12.41,11.72,251258,304634555.0,5.8,3.36,0.4,5.72,300322
266,2022-07-29,12.38,12.45,12.76,12.02,295478,365330819.0,6.02,1.22,0.15,6.73,300322
267,2022-08-01,12.66,12.22,12.99,11.51,261489,317922665.0,11.89,-1.85,-0.23,5.95,300322
268,2022-08-02,12.09,11.65,12.09,11.53,234694,275799350.0,4.58,-4.66,-0.57,5.34,300322
269,2022-08-03,11.76,11.38,12.13,11.19,250352,291303023.0,8.07,-2.32,-0.27,5.7,300322
270,2022-08-04,11.48,11.04,11.56,10.93,202937,226971939.0,5.54,-2.99,-0.34,4.62,300322
271,2022-08-05,11.23,11.57,11.6,10.98,210245,238560108.0,5.62,4.8,0.53,4.79,300322
272,2022-08-08,11.57,11.43,11.57,11.11,181016,206000729.0,3.98,-1.21,-0.14,4.12,300322
273,2022-08-09,11.55,11.81,11.81,11.37,188619,218980521.0,3.85,3.32,0.38,4.29,300322
274,2022-08-10,11.59,11.26,11.67,11.21,220838,251078633.0,3.9,-4.66,-0.55,5.03,300322
275,2022-08-11,11.3,11.53,11.77,11.27,252419,291841422.0,4.44,2.4,0.27,5.75,300322
276,2022-08-12,11.55,11.21,12.02,11.18,197305,227345127.0,7.29,-2.78,-0.32,4.49,300322
277,2022-08-15,11.03,11.16,11.35,11.02,109627,122625943.0,2.94,-0.45,-0.05,2.5,300322
278,2022-08-16,11.19,10.9,11.23,10.74,198366,217266427.0,4.39,-2.33,-0.26,4.51,300322
279,2022-08-17,10.92,11.67,11.88,10.87,265198,302364441.0,9.27,7.06,0.77,6.04,300322
280,2022-08-18,11.67,11.76,11.82,11.59,163102,190921136.0,1.97,0.77,0.09,3.71,300322
281,2022-08-19,11.7,11.45,11.98,11.44,142202,166640745.0,4.59,-2.64,-0.31,3.24,300322
282,2022-08-22,11.28,11.27,11.61,11.16,129600,147333465.0,3.93,-1.57,-0.18,2.95,300322
283,2022-08-23,11.26,11.76,11.88,11.16,207503,240156927.0,6.39,4.35,0.49,4.72,300322
284,2022-08-24,11.68,10.75,11.8,10.69,229898,255926808.0,9.44,-8.59,-1.01,5.23,300322
285,2022-08-25,10.9,10.46,11.04,10.32,150782,158652216.0,6.7,-2.7,-0.29,3.43,300322
286,2022-08-26,10.55,10.22,10.68,10.0,90774,94685168.0,6.5,-2.29,-0.24,2.07,300322
287,2022-08-29,10.11,10.32,10.4,9.89,67273,68882515.0,4.99,0.98,0.1,1.53,300322
288,2022-08-30,10.25,10.15,10.39,10.08,69647,71142363.0,3.0,-1.65,-0.17,1.59,300322
289,2022-08-31,10.3,9.34,10.34,9.28,169085,162269444.0,10.44,-7.98,-0.81,3.85,300322
290,2022-09-01,9.33,9.05,9.47,9.05,81352,75093824.0,4.5,-3.1,-0.29,1.85,300322
291,2022-09-02,9.15,9.98,9.99,9.15,157920,153134850.0,9.28,10.28,0.93,3.59,300322
292,2022-09-05,9.96,10.03,10.4,9.76,148574,150605643.0,6.41,0.5,0.05,3.38,300322
293,2022-09-06,10.1,10.07,10.34,9.93,103866,104721939.0,4.09,0.4,0.04,2.36,300322
294,2022-09-07,9.97,10.11,10.3,9.9,80263,81343073.0,3.97,0.4,0.04,1.83,300322
295,2022-09-08,10.23,9.96,10.36,9.89,75450,75952182.0,4.65,-1.48,-0.15,1.72,300322
296,2022-09-09,9.97,9.8,10.02,9.69,54466,53364396.0,3.31,-1.61,-0.16,1.24,300322
297,2022-09-13,9.88,9.78,10.13,9.69,46908,46307893.0,4.49,-0.2,-0.02,1.07,300322
298,2022-09-14,9.6,9.54,9.83,9.47,65708,62891357.0,3.68,-2.45,-0.24,1.5,300322
299,2022-09-15,9.59,9.2,9.67,9.07,100509,93022534.0,6.29,-3.56,-0.34,2.29,300322
300,2022-09-16,9.22,9.27,9.65,9.09,101119,95302838.0,6.09,0.76,0.07,2.3,300322
301,2022-09-19,9.3,8.95,9.62,8.93,116997,107567217.0,7.44,-3.45,-0.32,2.66,300322
302,2022-09-20,9.11,9.02,9.2,8.92,54857,49597192.0,3.13,0.78,0.07,1.25,300322
303,2022-09-21,8.99,9.57,9.69,8.83,131433,123467758.0,9.53,6.1,0.55,2.99,300322
304,2022-09-22,9.53,9.53,9.94,9.44,110609,106518545.0,5.22,-0.42,-0.04,2.52,300322
305,2022-09-23,9.53,9.08,9.62,9.08,112099,103565214.0,5.67,-4.72,-0.45,2.55,300322
306,2022-09-26,9.08,9.0,9.32,8.95,59648,54144429.0,4.07,-0.88,-0.08,1.36,300322
307,2022-09-27,9.1,9.15,9.28,9.0,57381,52354610.0,3.11,1.67,0.15,1.31,300322
308,2022-09-28,9.18,8.77,9.19,8.76,78231,69827717.0,4.7,-4.15,-0.38,1.78,300322
309,2022-09-29,8.91,8.62,8.92,8.55,49326,42990411.0,4.22,-1.71,-0.15,1.12,300322
310,2022-09-30,8.65,8.31,8.73,8.3,49262,41685964.0,4.99,-3.6,-0.31,1.12,300322
311,2022-10-10,8.37,8.06,8.47,8.02,49490,40547818.0,5.42,-3.01,-0.25,1.13,300322
312,2022-10-11,8.09,8.08,8.23,7.95,37385,30181833.0,3.47,0.25,0.02,0.85,300322
313,2022-10-12,8.06,8.42,8.46,7.97,52170,42753512.0,6.06,4.21,0.34,1.19,300322
314,2022-10-13,8.3,8.55,8.63,8.3,51888,44316264.0,3.92,1.54,0.13,1.18,300322
315,2022-10-14,8.6,8.74,8.82,8.6,42907,37449892.0,2.57,2.22,0.19,0.98,300322
316,2022-10-17,8.69,8.94,8.95,8.66,57740,51104905.0,3.32,2.29,0.2,1.31,300322
317,2022-10-18,8.93,9.01,9.14,8.78,66854,60006532.0,4.03,0.78,0.07,1.52,300322
318,2022-10-19,8.9,8.87,9.1,8.85,60896,54543183.0,2.77,-1.55,-0.14,1.39,300322
319,2022-10-20,9.0,8.84,9.0,8.63,55121,48570779.0,4.17,-0.34,-0.03,1.25,300322
320,2022-10-21,8.86,8.73,8.89,8.69,53845,47301090.0,2.26,-1.24,-0.11,1.23,300322
321,2022-10-24,8.74,8.48,8.93,8.46,67958,59071157.0,5.38,-2.86,-0.25,1.55,300322
322,2022-10-25,8.56,8.4,8.61,8.2,56773,47597348.0,4.83,-0.94,-0.08,1.29,300322
323,2022-10-26,8.4,8.59,8.7,8.35,71866,61589099.0,4.17,2.26,0.19,1.64,300322
324,2022-10-27,8.64,8.75,9.15,8.63,90576,80261459.0,6.05,1.86,0.16,2.06,300322
325,2022-10-28,8.59,8.08,8.78,8.05,103801,86613794.0,8.34,-7.66,-0.67,2.36,300322
326,2022-10-31,7.9,8.4,8.52,7.9,80135,66874768.0,7.67,3.96,0.32,1.82,300322
327,2022-11-01,8.42,8.5,8.51,8.29,56568,47618219.0,2.62,1.19,0.1,1.29,300322
328,2022-11-02,8.6,8.83,8.93,8.54,84589,74170795.0,4.59,3.88,0.33,1.93,300322
329,2022-11-03,8.67,8.77,8.82,8.55,61818,53622483.0,3.06,-0.68,-0.06,1.41,300322
330,2022-11-04,8.67,8.85,8.87,8.65,76270,67016437.0,2.51,0.91,0.08,1.74,300322
331,2022-11-07,8.85,8.89,8.99,8.81,71005,63241196.0,2.03,0.45,0.04,1.62,300322
332,2022-11-08,8.89,8.76,8.92,8.68,57656,50384384.0,2.7,-1.46,-0.13,1.31,300322
333,2022-11-09,8.7,8.64,8.78,8.62,56043,48649118.0,1.83,-1.37,-0.12,1.28,300322
334,2022-11-10,8.6,8.45,8.64,8.4,70128,59511503.0,2.78,-2.2,-0.19,1.6,300322
335,2022-11-11,8.68,8.39,8.77,8.38,80850,69165281.0,4.62,-0.71,-0.06,1.84,300322
336,2022-11-14,8.45,8.35,8.51,8.3,53663,45134587.0,2.5,-0.48,-0.04,1.22,300322
337,2022-11-15,8.28,8.68,8.7,8.27,76275,65173767.0,5.15,3.95,0.33,1.74,300322
338,2022-11-16,8.68,8.67,8.79,8.64,57088,49693259.0,1.73,-0.12,-0.01,1.3,300322
339,2022-11-17,8.65,8.62,8.69,8.45,60748,51827488.0,2.77,-0.58,-0.05,1.38,300322
340,2022-11-18,8.6,8.49,8.76,8.46,61786,53314272.0,3.48,-1.51,-0.13,1.41,300322
341,2022-11-21,8.49,8.46,8.53,8.33,54706,46131626.0,2.36,-0.35,-0.03,1.25,300322
342,2022-11-22,8.53,8.3,8.53,8.25,56872,47631214.0,3.31,-1.89,-0.16,1.29,300322
343,2022-11-23,8.28,8.21,8.32,8.01,64398,52503108.0,3.73,-1.08,-0.09,1.47,300322
344,2022-11-24,8.2,8.17,8.26,8.1,45927,37532875.0,1.95,-0.49,-0.04,1.05,300322
345,2022-11-25,8.18,8.03,8.19,8.01,48399,39074708.0,2.2,-1.71,-0.14,1.1,300322
346,2022-11-28,8.03,7.86,8.03,7.75,45926,35999143.0,3.49,-2.12,-0.17,1.05,300322
347,2022-11-29,7.83,8.0,8.01,7.83,41721,33180355.0,2.29,1.78,0.14,0.95,300322
348,2022-11-30,8.03,7.99,8.03,7.9,37236,29668802.0,1.63,-0.13,-0.01,0.85,300322
349,2022-12-01,8.03,8.05,8.14,8.03,42529,34379653.0,1.38,0.75,0.06,0.97,300322
350,2022-12-02,8.08,8.12,8.16,8.02,32041,26032666.0,1.74,0.87,0.07,0.73,300322
351,2022-12-05,8.25,8.17,8.35,8.12,61208,50125408.0,2.83,0.62,0.05,1.39,300322
352,2022-12-06,8.12,8.12,8.21,8.09,45017,36619281.0,1.47,-0.61,-0.05,1.02,300322
353,2022-12-07,8.12,8.1,8.16,8.03,33104,26801223.0,1.6,-0.25,-0.02,0.75,300322
354,2022-12-08,8.12,7.96,8.12,7.94,45032,36057052.0,2.22,-1.73,-0.14,1.02,300322
355,2022-12-09,7.96,7.89,8.01,7.88,53742,42569074.0,1.63,-0.88,-0.07,1.22,300322
356,2022-12-12,7.86,7.69,7.86,7.64,103515,79689434.0,2.79,-2.53,-0.2,2.36,300322
357,2022-12-13,7.69,7.6,7.73,7.54,64113,48733231.0,2.47,-1.17,-0.09,1.46,300322
358,2022-12-14,7.64,7.58,7.75,7.55,67300,51420758.0,2.63,-0.26,-0.02,1.53,300322
359,2022-12-15,7.58,7.82,7.9,7.5,94174,73287147.0,5.28,3.17,0.24,2.14,300322
360,2022-12-16,7.75,7.57,7.81,7.52,54717,41697518.0,3.71,-3.2,-0.25,1.25,300322
361,2022-12-19,7.57,7.31,7.59,7.27,51477,38014607.0,4.23,-3.43,-0.26,1.17,300322
362,2022-12-20,7.31,7.4,7.49,7.28,35535,26265309.0,2.87,1.23,0.09,0.81,300322
363,2022-12-21,7.42,7.33,7.46,7.26,30141,22137616.0,2.7,-0.95,-0.07,0.69,300322
364,2022-12-22,7.4,7.16,7.45,7.15,33699,24417521.0,4.09,-2.32,-0.17,0.77,300322
365,2022-12-23,7.16,7.24,7.35,7.06,35491,25664934.0,4.05,1.12,0.08,0.81,300322
366,2022-12-26,7.24,7.38,7.39,7.23,28354,20795515.0,2.21,1.93,0.14,0.65,300322
367,2022-12-27,7.4,7.42,7.47,7.28,44013,32456272.0,2.57,0.54,0.04,1.0,300322
368,2022-12-28,7.43,7.22,7.49,7.2,34427,25144876.0,3.91,-2.7,-0.2,0.78,300322
369,2022-12-29,7.29,7.13,7.29,7.13,24620,17737613.0,2.22,-1.25,-0.09,0.56,300322
370,2022-12-30,7.18,7.19,7.26,7.14,23867,17150845.0,1.68,0.84,0.06,0.54,300322
371,2023-01-03,7.19,7.55,7.57,7.17,67382,50131683.0,5.56,5.01,0.36,1.52,300322
372,2023-01-04,7.55,7.62,7.66,7.5,57379,43486925.0,2.12,0.93,0.07,1.3,300322
373,2023-01-05,7.61,7.66,7.69,7.5,48205,36763823.0,2.49,0.52,0.04,1.09,300322
374,2023-01-06,7.69,7.66,7.79,7.63,44107,33932566.0,2.09,0.0,0.0,1.0,300322
375,2023-01-09,7.72,7.7,7.85,7.68,58920,45719739.0,2.22,0.52,0.04,1.33,300322
376,2023-01-10,7.69,7.66,7.79,7.64,36004,27700837.0,1.95,-0.52,-0.04,0.81,300322
377,2023-01-11,7.66,7.53,7.82,7.5,41493,31561669.0,4.18,-1.7,-0.13,0.94,300322
378,2023-01-12,7.5,7.55,7.62,7.46,30946,23387606.0,2.12,0.27,0.02,0.7,300322
379,2023-01-13,7.6,7.47,7.64,7.43,26597,19928378.0,2.78,-1.06,-0.08,0.6,300322
380,2023-01-16,7.49,7.66,7.68,7.48,43924,33392455.0,2.68,2.54,0.19,0.99,300322
381,2023-01-17,7.66,7.72,7.84,7.65,42051,32531673.0,2.48,0.78,0.06,0.95,300322
382,2023-01-18,7.69,7.66,7.77,7.64,35163,26984829.0,1.68,-0.78,-0.06,0.79,300322
383,2023-01-19,7.66,7.74,7.74,7.63,40529,31153806.0,1.44,1.04,0.08,0.92,300322
384,2023-01-20,7.75,7.79,7.85,7.71,53574,41677786.0,1.81,0.65,0.05,1.21,300322
385,2023-01-30,7.85,7.88,7.93,7.78,85938,67579317.0,1.93,1.16,0.09,1.94,300322
386,2023-01-31,7.86,7.93,7.94,7.79,42452,33401499.0,1.9,0.63,0.05,0.96,300322
387,2023-02-01,7.93,8.1,8.1,7.91,55847,44848389.0,2.4,2.14,0.17,1.26,300322
388,2023-02-02,8.1,8.18,8.26,8.06,78667,64252546.0,2.47,0.99,0.08,1.78,300322
389,2023-02-03,8.2,8.41,8.48,8.02,164406,135809254.0,5.62,2.81,0.23,3.72,300322
390,2023-02-06,8.34,8.29,8.41,8.25,89346,74306291.0,1.9,-1.43,-0.12,2.02,300322
391,2023-02-07,8.26,8.33,8.38,8.24,77284,64290743.0,1.69,0.48,0.04,1.75,300322
392,2023-02-08,8.31,8.17,8.41,8.16,74265,61254427.0,3.0,-1.92,-0.16,1.68,300322
393,2023-02-09,8.17,8.41,8.45,8.14,104675,87307534.0,3.79,2.94,0.24,2.37,300322
394,2023-02-10,8.42,8.49,8.74,8.41,135924,116453238.0,3.92,0.95,0.08,3.07,300322
395,2023-02-13,8.55,8.44,8.56,8.38,81335,68629697.0,2.12,-0.59,-0.05,1.84,300322
396,2023-02-14,8.45,8.37,8.49,8.31,64770,54270705.0,2.13,-0.83,-0.07,1.46,300322
397,2023-02-15,8.33,8.56,8.62,8.33,98733,84093689.0,3.46,2.27,0.19,2.23,300322
398,2023-02-16,8.58,8.33,8.64,8.22,99969,84659258.0,4.91,-2.69,-0.23,2.26,300322
399,2023-02-17,8.4,8.59,8.96,8.3,297948,256721377.0,7.92,3.12,0.26,6.73,300322
400,2023-02-20,8.48,8.56,8.57,8.18,248642,207925495.0,4.54,-0.35,-0.03,5.62,300322
401,2023-02-21,8.8,9.71,9.8,8.8,584585,545740262.0,11.68,13.43,1.15,13.21,300322
402,2023-02-22,10.19,10.22,10.66,9.93,783032,806104546.0,7.52,5.25,0.51,17.7,300322
403,2023-02-23,10.06,10.08,10.65,10.0,615559,634522173.0,6.36,-1.37,-0.14,13.91,300322
404,2023-02-24,10.09,9.4,10.15,9.4,485337,468618611.0,7.44,-6.75,-0.68,10.97,300322
405,2023-02-27,9.51,9.28,9.58,9.2,292681,274793921.0,4.04,-1.28,-0.12,6.62,300322
406,2023-02-28,9.2,9.19,9.36,9.02,239984,219970496.0,3.66,-0.97,-0.09,5.42,300322
407,2023-03-01,9.1,9.58,9.64,9.09,325827,306501644.0,5.98,4.24,0.39,7.36,300322
408,2023-03-02,9.3,9.47,9.64,9.22,253527,239348952.0,4.38,-1.15,-0.11,5.73,300322
409,2023-03-03,9.29,9.27,9.6,9.18,207966,194238412.0,4.44,-2.11,-0.2,4.7,300322
410,2023-03-06,9.28,9.6,9.64,9.23,296142,280177213.0,4.42,3.56,0.33,6.69,300322
411,2023-03-07,9.59,9.59,9.92,9.51,340799,330453354.0,4.27,-0.1,-0.01,7.7,300322
412,2023-03-08,9.3,10.2,10.46,9.3,487469,488614518.0,12.1,6.36,0.61,11.02,300322
413,2023-03-09,10.1,9.97,10.11,9.9,342623,342308052.0,2.06,-2.25,-0.23,7.74,300322
414,2023-03-10,9.81,9.8,10.26,9.79,306534,306382091.0,4.71,-1.71,-0.17,6.93,300322
415,2023-03-13,9.66,9.75,9.83,9.52,234598,226736627.0,3.16,-0.51,-0.05,5.3,300322
416,2023-03-14,9.62,9.42,9.63,9.18,292176,274200248.0,4.62,-3.38,-0.33,6.6,300322
417,2023-03-15,9.38,9.23,9.46,9.17,184552,170879328.0,3.08,-2.02,-0.19,4.17,300322
418,2023-03-16,9.11,8.9,9.4,8.9,197472,180950454.0,5.42,-3.58,-0.33,4.46,300322
419,2023-03-17,9.08,9.26,9.42,9.06,234818,217760297.0,4.04,4.04,0.36,5.31,300322
420,2023-03-20,9.3,9.2,9.39,9.13,139761,129115872.0,2.81,-0.65,-0.06,3.16,300322
421,2023-03-21,9.2,9.28,9.3,9.12,111344,102693760.0,1.96,0.87,0.08,2.52,300322
422,2023-03-22,9.35,9.6,9.61,9.21,241287,228248443.0,4.31,3.45,0.32,5.45,300322
423,2023-03-23,9.49,9.73,9.74,9.45,215510,208002711.0,3.02,1.35,0.13,4.87,300322
424,2023-03-24,9.87,9.7,9.87,9.52,214418,207339097.0,3.6,-0.31,-0.03,4.85,300322
425,2023-03-27,9.62,9.69,9.84,9.51,153076,147657016.0,3.4,-0.1,-0.01,3.46,300322
426,2023-03-28,9.66,9.32,9.69,9.28,129682,122482882.0,4.23,-3.82,-0.37,2.93,300322
427,2023-03-29,9.31,9.4,9.53,9.26,99590,93693952.0,2.9,0.86,0.08,2.25,300322
428,2023-03-30,9.52,9.64,9.87,9.5,276746,268037944.0,3.94,2.55,0.24,6.26,300322
429,2023-03-31,9.5,9.58,9.62,9.3,185503,175003198.0,3.32,-0.62,-0.06,4.19,300322
430,2023-04-03,9.61,9.76,9.83,9.61,196131,191058566.0,2.3,1.88,0.18,4.43,300322
431,2023-04-04,9.71,9.67,9.82,9.51,158038,152296740.0,3.18,-0.92,-0.09,3.57,300322
432,2023-04-06,9.57,9.8,9.92,9.45,229269,223149012.0,4.86,1.34,0.13,5.18,300322
433,2023-04-07,9.87,9.7,9.88,9.55,158786,153332914.0,3.37,-1.02,-0.1,3.59,300322
434,2023-04-10,9.65,9.31,9.75,9.24,182986,173100688.0,5.26,-4.02,-0.39,4.14,300322
435,2023-04-11,9.28,9.28,9.45,9.13,104616,97195839.0,3.44,-0.32,-0.03,2.36,300322
436,2023-04-12,9.3,9.59,9.59,9.17,164397,154840770.0,4.53,3.34,0.31,3.72,300322
437,2023-04-13,9.45,9.09,9.5,9.03,203398,187077260.0,4.9,-5.21,-0.5,4.6,300322
438,2023-04-14,9.11,9.0,9.22,8.9,98688,89196359.0,3.52,-0.99,-0.09,2.23,300322
439,2023-04-17,8.69,8.35,8.69,8.23,237711,199440259.0,5.11,-7.22,-0.65,5.37,300322
440,2023-04-18,8.35,8.25,8.36,8.12,100999,83013666.0,2.87,-1.2,-0.1,2.28,300322
441,2023-04-19,8.25,8.27,8.42,8.23,81779,68250468.0,2.3,0.24,0.02,1.85,300322
442,2023-04-20,8.41,8.44,8.84,8.35,174973,149553598.0,5.93,2.06,0.17,3.95,300322
443,2023-04-21,8.4,7.99,8.65,7.96,179712,148293748.0,8.18,-5.33,-0.45,4.06,300322
444,2023-04-24,7.88,8.0,8.13,7.86,90334,72501383.0,3.38,0.13,0.01,2.04,300322
445,2023-04-25,8.0,7.64,8.05,7.6,101698,78883379.0,5.63,-4.5,-0.36,2.3,300322
446,2023-04-26,7.63,7.71,7.94,7.63,90931,70522720.0,4.06,0.92,0.07,2.06,300322
447,2023-04-27,7.9,7.5,7.95,7.44,125249,95531715.0,6.61,-2.72,-0.21,2.83,300322
448,2023-04-28,7.44,7.77,7.79,7.44,84744,65097782.0,4.67,3.6,0.27,1.92,300322
449,2023-05-04,7.76,7.7,7.87,7.65,69282,53437183.0,2.83,-0.9,-0.07,1.57,300322
450,2023-05-05,7.66,7.55,7.73,7.45,68627,51722271.0,3.64,-1.95,-0.15,1.55,300322
451,2023-05-08,7.52,7.61,7.68,7.5,63555,48288449.0,2.38,0.79,0.06,1.44,300322
452,2023-05-09,7.64,7.52,7.73,7.43,103662,78556843.0,3.94,-1.18,-0.09,2.34,300322
453,2023-05-10,7.54,7.6,7.68,7.46,54056,41037161.0,2.93,1.06,0.08,1.22,300322
454,2023-05-11,7.67,7.69,7.79,7.62,70048,54059633.0,2.24,1.18,0.09,1.58,300322
455,2023-05-12,7.65,7.62,7.74,7.55,51522,39314011.0,2.47,-0.91,-0.07,1.16,300322
456,2023-05-15,7.63,7.62,7.63,7.45,47331,35698733.0,2.36,0.0,0.0,1.07,300322
457,2023-05-16,7.66,7.63,7.68,7.54,47729,36350797.0,1.84,0.13,0.01,1.08,300322
458,2023-05-17,7.59,7.78,7.78,7.58,50134,38695080.0,2.62,1.97,0.15,1.13,300322
459,2023-05-18,7.81,8.02,8.08,7.81,99460,79271668.0,3.47,3.08,0.24,2.25,300322
460,2023-05-19,8.03,8.06,8.1,7.95,54643,43862511.0,1.87,0.5,0.04,1.24,300322
461,2023-05-22,8.06,7.96,8.08,7.9,50551,40306119.0,2.23,-1.24,-0.1,1.14,300322
462,2023-05-23,8.0,7.81,8.0,7.8,38808,30534620.0,2.51,-1.88,-0.15,0.88,300322
463,2023-05-24,7.8,7.85,7.93,7.78,40534,31885564.0,1.92,0.51,0.04,0.92,300322
464,2023-05-25,7.92,7.97,8.11,7.78,84473,67262120.0,4.2,1.53,0.12,1.91,300322
465,2023-05-26,8.0,8.07,8.07,7.93,71489,57339499.0,1.76,1.25,0.1,1.62,300322
466,2023-05-29,8.06,8.13,8.17,8.02,71395,57845350.0,1.86,0.74,0.06,1.61,300322
467,2023-05-30,8.12,8.15,8.15,7.97,95077,76644447.0,2.21,0.25,0.02,2.15,300322
468,2023-05-31,8.13,8.55,8.55,8.03,156476,129101689.0,6.38,4.91,0.4,3.54,300322
469,2023-06-01,8.85,8.54,9.13,8.54,459464,407504639.0,6.9,-0.12,-0.01,10.38,300322
470,2023-06-02,8.43,8.31,8.62,8.31,253864,214158971.0,3.63,-2.69,-0.23,5.74,300322
471,2023-06-05,8.31,8.42,8.63,8.31,159480,135288448.0,3.85,1.32,0.11,3.6,300322
472,2023-06-06,8.33,8.18,8.66,8.17,174146,146389754.0,5.82,-2.85,-0.24,3.94,300322
473,2023-06-07,8.09,8.24,8.35,7.94,144614,118522156.0,5.01,0.73,0.06,3.27,300322
474,2023-06-08,8.29,8.1,8.32,8.06,91499,74554889.0,3.16,-1.7,-0.14,2.07,300322
475,2023-06-09,8.07,8.22,8.25,7.99,79542,64737661.0,3.21,1.48,0.12,1.8,300322
476,2023-06-12,8.3,8.41,8.53,8.27,109857,92290249.0,3.16,2.31,0.19,2.48,300322
477,2023-06-13,8.32,8.42,8.48,8.25,92293,77323620.0,2.73,0.12,0.01,2.09,300322
478,2023-06-14,8.42,8.35,8.45,8.29,73549,61339759.0,1.9,-0.83,-0.07,1.66,300322
479,2023-06-15,8.32,8.26,8.43,8.24,73499,61262380.0,2.28,-1.08,-0.09,1.66,300322
480,2023-06-16,8.31,8.39,8.42,8.16,70901,59050877.0,3.15,1.57,0.13,1.6,300322
481,2023-06-19,8.39,8.56,8.6,8.37,98554,83874560.0,2.74,2.03,0.17,2.23,300322
482,2023-06-20,8.55,8.46,8.55,8.31,86941,73117871.0,2.8,-1.17,-0.1,1.97,300322
483,2023-06-21,8.36,8.24,8.43,8.15,72171,59732169.0,3.31,-2.6,-0.22,1.63,300322
