,日期,开盘,收盘,最高,最低,成交量,成交额,振幅,涨跌幅,涨跌额,换手率,stockCode
0,2021-06-25,37.95,39.12,40.15,37.25,50036,198961686.0,7.57,2.06,0.79,15.01,605378
1,2021-06-28,38.51,39.06,39.24,37.83,44911,176844825.0,3.6,-0.15,-0.06,13.47,605378
2,2021-06-29,38.75,40.91,42.9,38.51,103588,433000080.0,11.24,4.74,1.85,31.07,605378
3,2021-06-30,40.65,45.09,45.09,40.65,119082,528278624.0,10.85,10.22,4.18,35.72,605378
4,2021-07-01,45.42,41.92,45.42,41.92,123131,539391408.0,7.76,-7.03,-3.17,36.93,605378
5,2021-07-02,41.93,43.26,44.75,41.32,105304,462893952.0,8.18,3.2,1.34,31.58,605378
6,2021-07-05,43.65,45.75,47.45,42.99,106321,490061584.0,10.31,5.76,2.49,31.89,605378
7,2021-07-06,45.75,43.65,45.75,42.26,92092,409833984.0,7.63,-4.59,-2.1,27.62,605378
8,2021-07-07,43.15,45.25,46.13,42.21,88731,404005264.0,8.98,3.67,1.6,26.61,605378
9,2021-07-08,45.1,46.31,46.65,43.86,93764,434147424.0,6.17,2.34,1.06,28.12,605378
10,2021-07-09,46.08,45.55,46.08,44.15,67057,309151376.0,4.17,-1.64,-0.76,20.11,605378
11,2021-07-12,45.7,44.8,45.95,43.45,66090,299334784.0,5.49,-1.65,-0.75,19.82,605378
12,2021-07-13,44.05,43.11,44.35,42.65,58460,257699061.0,3.79,-3.77,-1.69,17.53,605378
13,2021-07-14,43.05,40.21,43.05,39.44,82288,341391936.0,8.37,-6.73,-2.9,24.68,605378
14,2021-07-15,40.15,40.18,41.11,39.58,48167,198968804.0,3.81,-0.07,-0.03,14.45,605378
15,2021-07-16,39.81,38.52,40.65,38.23,59936,240563195.0,6.02,-4.13,-1.66,17.98,605378
16,2021-07-19,38.65,38.11,38.83,37.5,36375,141459581.0,3.45,-1.06,-0.41,10.91,605378
17,2021-07-20,38.05,38.92,38.94,37.67,33622,131991960.0,3.33,2.13,0.81,10.08,605378
18,2021-07-21,38.97,40.16,40.72,38.6,55512,225653202.0,5.45,3.19,1.24,16.65,605378
19,2021-07-22,40.16,38.77,40.19,38.6,44520,177755393.0,3.96,-3.46,-1.39,13.35,605378
20,2021-07-23,38.75,38.18,39.34,38.06,30145,118936735.0,3.3,-1.52,-0.59,9.04,605378
21,2021-07-26,38.23,36.61,38.98,36.44,37435,143788117.0,6.65,-4.11,-1.57,11.23,605378
22,2021-07-27,36.95,33.98,36.95,33.95,53823,191746354.0,8.19,-7.18,-2.63,16.14,605378
23,2021-07-28,34.05,32.25,34.15,31.12,38165,126300320.0,8.92,-5.09,-1.73,11.45,605378
24,2021-07-29,32.26,33.69,34.55,32.26,39398,134708153.0,7.1,4.47,1.44,11.82,605378
25,2021-07-30,33.63,33.47,34.01,32.8,32746,112218634.0,3.59,-0.65,-0.22,9.82,605378
26,2021-08-02,33.85,34.74,35.02,33.05,35977,126843885.0,5.89,3.79,1.27,10.79,605378
27,2021-08-03,34.75,33.83,34.75,33.82,27291,95407002.0,2.68,-2.62,-0.91,8.19,605378
28,2021-08-04,34.14,34.76,34.92,33.2,38012,133361224.0,5.08,2.75,0.93,11.4,605378
29,2021-08-05,34.76,33.85,34.76,33.65,26983,93916170.0,3.19,-2.62,-0.91,8.09,605378
30,2021-08-06,34.02,34.02,34.75,33.83,27098,95099255.0,2.72,0.5,0.17,8.13,605378
31,2021-08-09,33.99,34.51,34.52,32.75,34599,119436079.0,5.2,1.44,0.49,10.38,605378
32,2021-08-10,34.5,34.63,34.83,34.06,30178,106858377.0,2.23,0.35,0.12,9.05,605378
33,2021-08-11,34.75,35.53,35.6,34.39,39841,143783007.0,3.49,2.6,0.9,11.95,605378
34,2021-08-12,35.8,35.0,35.8,34.53,31783,113734076.0,3.57,-1.49,-0.53,9.53,605378
35,2021-08-13,35.04,33.95,35.06,33.95,29914,105107358.0,3.17,-3.0,-1.05,8.97,605378
36,2021-08-16,33.91,34.24,34.25,32.99,22613,78397278.0,3.71,0.85,0.29,6.78,605378
37,2021-08-17,34.24,32.98,34.45,32.91,25262,86868362.0,4.5,-3.68,-1.26,7.58,605378
38,2021-08-18,32.96,33.25,33.34,32.7,18630,63199415.0,1.94,0.82,0.27,5.59,605378
39,2021-08-19,33.52,32.92,33.52,32.9,18770,63787710.0,1.86,-0.99,-0.33,5.63,605378
40,2021-08-20,33.1,31.58,33.1,31.15,27559,89993343.0,5.92,-4.07,-1.34,8.27,605378
41,2021-08-23,31.43,32.43,32.56,31.43,20525,67982731.0,3.58,2.69,0.85,6.16,605378
42,2021-08-24,31.75,31.9,32.3,31.56,23152,75954667.0,2.28,-1.63,-0.53,6.94,605378
43,2021-08-25,32.15,31.48,32.15,31.17,22204,71832386.0,3.07,-1.32,-0.42,6.66,605378
44,2021-08-26,31.23,32.16,32.68,30.8,32978,107869570.0,5.97,2.16,0.68,9.89,605378
45,2021-08-27,31.75,30.81,31.8,30.78,30887,98598362.0,3.17,-4.2,-1.35,9.26,605378
46,2021-08-30,30.83,30.09,31.07,29.85,20792,64983867.0,3.96,-2.34,-0.72,6.24,605378
47,2021-08-31,29.85,28.45,30.0,28.15,31573,93791775.0,6.15,-5.45,-1.64,9.47,605378
48,2021-09-01,28.42,28.78,29.02,28.19,19078,56375195.0,2.92,1.16,0.33,5.72,605378
49,2021-09-02,28.68,28.84,29.1,28.36,17041,50593586.0,2.57,0.21,0.06,5.11,605378
50,2021-09-03,28.65,29.43,29.95,28.51,22162,67087914.0,4.99,2.05,0.59,6.65,605378
51,2021-09-06,29.43,29.59,29.65,28.83,19474,58624265.0,2.79,0.54,0.16,5.84,605378
52,2021-09-07,29.56,29.63,29.73,29.33,16376,49737904.0,1.35,0.14,0.04,4.91,605378
53,2021-09-08,29.63,29.35,29.95,29.2,18963,57583287.0,2.53,-0.94,-0.28,5.69,605378
54,2021-09-09,29.33,28.89,29.33,28.73,17008,50712623.0,2.04,-1.57,-0.46,5.1,605378
55,2021-09-10,28.94,30.3,30.65,28.81,35466,108703470.0,6.37,4.88,1.41,10.64,605378
56,2021-09-13,30.31,29.45,30.41,29.42,22892,69790964.0,3.27,-2.81,-0.85,6.87,605378
57,2021-09-14,29.16,29.01,29.43,28.85,16227,48562745.0,1.97,-1.49,-0.44,4.87,605378
58,2021-09-15,28.76,28.93,29.13,28.55,10976,32607266.0,2.0,-0.28,-0.08,3.29,605378
59,2021-09-16,28.67,27.76,29.15,27.75,20670,60476495.0,4.84,-4.04,-1.17,6.2,605378
60,2021-09-17,27.76,26.92,27.93,26.45,20244,56320692.0,5.33,-3.03,-0.84,6.07,605378
61,2021-09-22,26.2,26.45,26.78,26.15,10043,27476742.0,2.34,-1.75,-0.47,3.01,605378
62,2021-09-23,26.45,27.28,27.63,26.45,16549,46509193.0,4.46,3.14,0.83,4.96,605378
63,2021-09-24,27.33,26.75,27.34,26.65,10819,29930854.0,2.53,-1.94,-0.53,3.25,605378
64,2021-09-27,26.77,27.43,27.75,26.29,19920,55816735.0,5.46,2.54,0.68,5.97,605378
65,2021-09-28,27.44,26.99,27.69,26.67,10791,30038052.0,3.72,-1.6,-0.44,3.24,605378
66,2021-09-29,26.9,26.34,27.09,26.27,10706,29448207.0,3.04,-2.41,-0.65,3.21,605378
67,2021-09-30,26.56,26.64,26.88,26.47,7407,20360279.0,1.56,1.14,0.3,2.22,605378
68,2021-10-08,26.75,27.17,27.23,26.7,11994,33517618.0,1.99,1.99,0.53,3.6,605378
69,2021-10-11,27.16,27.33,27.39,26.83,10131,28341373.0,2.06,0.59,0.16,3.04,605378
70,2021-10-12,27.33,26.64,27.33,26.39,11187,30886572.0,3.44,-2.52,-0.69,3.36,605378
71,2021-10-13,26.63,29.39,29.39,26.63,34362,100676581.0,10.36,10.32,2.75,10.31,605378
72,2021-10-14,29.94,30.44,31.74,29.17,78750,248163686.0,8.74,3.57,1.05,23.62,605378
73,2021-10-15,29.96,29.61,30.13,29.15,38513,117243193.0,3.22,-2.73,-0.83,11.55,605378
74,2021-10-18,29.48,30.64,31.01,29.26,43848,136922332.0,5.91,3.48,1.03,13.15,605378
75,2021-10-19,30.65,30.44,30.68,29.86,28544,88550120.0,2.68,-0.65,-0.2,8.56,605378
76,2021-10-20,29.97,30.6,31.15,29.26,38959,120849227.0,6.21,0.53,0.16,11.69,605378
77,2021-10-21,30.48,31.62,32.45,29.89,57180,183647529.0,8.37,3.33,1.02,17.15,605378
78,2021-10-22,31.28,30.03,31.59,29.86,38050,120196170.0,5.47,-5.03,-1.59,11.41,605378
79,2021-10-25,29.63,30.37,31.47,29.35,34212,107774518.0,7.06,1.13,0.34,10.26,605378
80,2021-10-26,30.21,31.19,32.57,30.16,42189,136017323.0,7.94,2.7,0.82,12.65,605378
81,2021-10-27,30.71,30.01,30.89,29.45,29765,92026435.0,4.62,-3.78,-1.18,8.93,605378
82,2021-10-28,29.55,27.0,29.55,26.92,44290,125238634.0,8.76,-10.03,-3.01,13.28,605378
83,2021-10-29,26.69,27.14,27.42,26.5,20583,57376100.0,3.41,0.52,0.14,6.17,605378
84,2021-11-01,27.15,27.52,28.05,26.6,22636,63531456.0,5.34,1.4,0.38,6.79,605378
85,2021-11-02,27.45,27.03,27.77,26.63,17492,48992289.0,4.14,-1.78,-0.49,5.25,605378
86,2021-11-03,26.81,27.35,27.58,26.55,17535,48749182.0,3.81,1.18,0.32,5.26,605378
87,2021-11-04,27.25,27.49,27.6,27.12,14979,42398786.0,1.76,0.51,0.14,4.49,605378
88,2021-11-05,27.49,27.51,27.95,27.19,18209,51648636.0,2.76,0.07,0.02,5.46,605378
89,2021-11-08,27.2,28.0,28.04,27.03,21623,61894590.0,3.67,1.78,0.49,6.49,605378
90,2021-11-09,28.15,27.87,28.27,27.7,17266,49648061.0,2.04,-0.46,-0.13,5.18,605378
91,2021-11-10,28.0,27.75,28.11,27.26,14312,40622370.0,3.05,-0.43,-0.12,4.29,605378
92,2021-11-11,27.77,27.96,28.35,27.72,21082,60979949.0,2.27,0.76,0.21,6.32,605378
93,2021-11-12,28.02,28.46,28.51,27.62,25565,74227769.0,3.18,1.79,0.5,7.67,605378
94,2021-11-15,28.45,28.65,28.75,28.18,20539,60205510.0,2.0,0.67,0.19,6.16,605378
95,2021-11-16,28.64,27.95,28.64,27.85,20227,58593808.0,2.76,-2.44,-0.7,6.07,605378
96,2021-11-17,28.3,29.39,30.14,28.07,45977,138215975.0,7.41,5.15,1.44,13.79,605378
97,2021-11-18,29.16,29.47,29.7,29.06,32315,97417717.0,2.18,0.27,0.08,9.69,605378
98,2021-11-19,29.45,29.2,29.45,28.85,20061,60173839.0,2.04,-0.92,-0.27,6.02,605378
99,2021-11-22,29.2,30.58,32.15,28.92,49622,154947859.0,11.06,4.73,1.38,14.88,605378
100,2021-11-23,30.35,30.17,30.9,30.16,33089,103180133.0,2.42,-1.34,-0.41,9.92,605378
101,2021-11-24,29.67,30.04,30.54,29.66,24668,76281140.0,2.92,-0.43,-0.13,7.4,605378
102,2021-11-25,30.15,30.09,30.25,29.57,17873,54979083.0,2.26,0.17,0.05,5.36,605378
103,2021-11-26,30.14,30.41,30.9,29.81,30758,96352604.0,3.62,1.06,0.32,9.23,605378
104,2021-11-29,29.67,30.34,30.77,28.97,25850,79450430.0,5.92,-0.23,-0.07,7.75,605378
105,2021-11-30,30.34,29.7,30.65,29.5,23365,72083058.0,3.79,-2.11,-0.64,7.01,605378
106,2021-12-01,29.6,29.8,29.89,29.55,14425,44148908.0,1.14,0.34,0.1,4.33,605378
107,2021-12-02,29.55,30.75,31.26,29.15,49708,154812348.0,7.08,3.19,0.95,14.91,605378
108,2021-12-03,30.41,30.02,30.65,29.95,26504,82264243.0,2.28,-2.37,-0.73,7.95,605378
109,2021-12-06,29.99,29.17,29.99,28.91,20918,63188979.0,3.6,-2.83,-0.85,6.27,605378
110,2021-12-07,29.13,28.27,29.45,27.76,19096,55898749.0,5.79,-3.09,-0.9,5.73,605378
111,2021-12-08,27.96,28.55,28.7,27.96,11035,32388649.0,2.62,0.99,0.28,3.31,605378
112,2021-12-09,28.7,28.49,28.78,28.35,10761,31641751.0,1.51,-0.21,-0.06,3.23,605378
113,2021-12-10,28.49,28.89,29.03,28.05,12176,36037218.0,3.44,1.4,0.4,3.65,605378
114,2021-12-13,28.85,28.81,29.08,28.66,10650,31622244.0,1.45,-0.28,-0.08,3.19,605378
115,2021-12-14,28.05,28.29,28.46,27.37,24762,71030021.0,3.78,-1.8,-0.52,7.43,605378
116,2021-12-15,28.05,28.81,28.96,28.0,22096,64926434.0,3.39,1.84,0.52,6.63,605378
117,2021-12-16,28.65,29.22,29.78,28.2,30929,92478010.0,5.48,1.42,0.41,9.28,605378
118,2021-12-17,28.92,28.76,29.74,28.54,22689,68054796.0,4.11,-1.57,-0.46,6.81,605378
119,2021-12-20,28.76,28.03,28.87,28.02,15707,45719562.0,2.96,-2.54,-0.73,4.71,605378
120,2021-12-21,28.23,28.64,28.82,28.07,14028,41138448.0,2.68,2.18,0.61,4.21,605378
121,2021-12-22,28.95,29.54,30.75,28.85,29806,90830144.0,6.63,3.14,0.9,8.94,605378
122,2021-12-23,29.63,29.03,29.67,29.03,19194,57806464.0,2.17,-1.73,-0.51,5.76,605378
123,2021-12-24,28.98,27.82,29.13,27.76,22752,65977248.0,4.72,-4.17,-1.21,6.82,605378
124,2021-12-27,27.75,28.02,28.03,27.5,9101,26155864.0,1.91,0.72,0.2,2.73,605378
125,2021-12-28,28.06,28.19,28.25,27.87,8416,24363614.0,1.36,0.61,0.17,2.52,605378
126,2021-12-29,28.18,27.85,28.18,27.81,8465,24368079.0,1.31,-1.21,-0.34,2.54,605378
127,2021-12-30,27.81,27.93,28.15,27.81,7784,22449446.0,1.22,0.29,0.08,2.33,605378
128,2021-12-31,27.93,28.01,28.15,27.87,7412,21378306.0,1.0,0.29,0.08,2.22,605378
129,2022-01-04,28.11,28.37,28.4,27.99,10905,31665164.0,1.46,1.29,0.36,3.27,605378
130,2022-01-05,28.38,27.99,28.42,27.8,10211,29453450.0,2.19,-1.34,-0.38,3.06,605378
131,2022-01-06,27.63,28.07,28.25,27.63,7179,20713701.0,2.22,0.29,0.08,2.15,605378
132,2022-01-07,28.09,27.71,28.15,27.68,10238,29416197.0,1.67,-1.28,-0.36,3.07,605378
133,2022-01-10,27.66,27.88,28.03,27.4,6122,17476549.0,2.27,0.61,0.17,1.84,605378
134,2022-01-11,27.93,27.6,28.0,27.55,6354,18201999.0,1.61,-1.0,-0.28,1.91,605378
135,2022-01-12,27.61,28.05,28.21,27.61,11034,31837599.0,2.17,1.63,0.45,3.31,605378
136,2022-01-13,28.05,27.94,28.14,27.83,7606,21903744.0,1.11,-0.39,-0.11,2.28,605378
137,2022-01-14,27.75,27.39,28.02,27.3,10750,30661613.0,2.58,-1.97,-0.55,3.22,605378
138,2022-01-17,27.25,27.51,27.61,27.15,7498,21220301.0,1.68,0.44,0.12,2.25,605378
139,2022-01-18,27.37,26.92,27.51,26.9,11155,31191222.0,2.22,-2.14,-0.59,3.35,605378
140,2022-01-19,26.92,26.8,27.07,26.75,5389,14938156.0,1.19,-0.45,-0.12,1.62,605378
141,2022-01-20,26.8,25.68,26.89,25.56,13674,36741573.0,4.96,-4.18,-1.12,4.1,605378
142,2022-01-21,25.65,25.75,25.78,25.43,5749,15186902.0,1.36,0.27,0.07,1.72,605378
143,2022-01-24,25.76,25.99,26.12,25.76,5362,14382808.0,1.4,0.93,0.24,1.61,605378
144,2022-01-25,25.99,24.41,25.99,24.41,9831,25396256.0,6.08,-6.08,-1.58,2.95,605378
145,2022-01-26,24.25,24.38,24.94,24.19,5774,14616361.0,3.07,-0.12,-0.03,1.73,605378
146,2022-01-27,24.41,23.38,24.65,23.38,7809,19272716.0,5.21,-4.1,-1.0,2.34,605378
147,2022-01-28,23.59,23.6,23.91,23.18,5423,13284946.0,3.12,0.94,0.22,1.63,605378
148,2022-02-07,23.94,24.81,25.26,23.94,8210,20959650.0,5.59,5.13,1.21,2.46,605378
149,2022-02-08,24.85,24.93,25.04,24.35,6345,16280941.0,2.78,0.48,0.12,1.9,605378
150,2022-02-09,24.93,24.94,25.14,24.67,5485,14102224.0,1.89,0.04,0.01,1.65,605378
151,2022-02-10,24.93,24.8,25.02,24.58,6607,16904221.0,1.76,-0.56,-0.14,1.98,605378
152,2022-02-11,24.78,24.34,24.81,24.29,4235,10729689.0,2.1,-1.85,-0.46,1.27,605378
153,2022-02-14,24.26,24.49,24.7,24.17,3548,8974914.0,2.18,0.62,0.15,1.06,605378
154,2022-02-15,24.49,24.71,24.9,24.24,6059,15441604.0,2.69,0.9,0.22,1.82,605378
155,2022-02-16,24.73,24.87,24.98,24.66,4925,12636007.0,1.3,0.65,0.16,1.48,605378
156,2022-02-17,24.89,25.36,25.39,24.68,12675,33015111.0,2.85,1.97,0.49,3.8,605378
157,2022-02-18,25.14,24.91,25.14,24.68,9275,23824026.0,1.81,-1.77,-0.45,2.78,605378
158,2022-02-21,24.82,25.0,25.08,24.6,5128,13218340.0,1.93,0.36,0.09,1.54,605378
159,2022-02-22,24.92,24.69,25.05,24.37,5919,15107423.0,2.72,-1.24,-0.31,1.78,605378
160,2022-02-23,24.72,25.29,25.43,24.72,12230,31893225.0,2.88,2.43,0.6,3.67,605378
161,2022-02-24,25.65,24.46,25.65,23.96,13819,35384988.0,6.68,-3.28,-0.83,4.14,605378
162,2022-02-25,24.68,24.71,25.11,24.46,7298,18765400.0,2.66,1.02,0.25,2.19,605378
163,2022-02-28,24.94,24.43,24.95,24.17,6011,15171973.0,3.16,-1.13,-0.28,1.8,605378
164,2022-03-01,24.46,24.7,24.93,24.46,4533,11589560.0,1.92,1.11,0.27,1.36,605378
165,2022-03-02,24.42,24.83,24.92,24.42,5049,12937015.0,2.02,0.53,0.13,1.51,605378
166,2022-03-03,24.93,25.05,25.41,24.78,10769,27936013.0,2.54,0.89,0.22,3.23,605378
167,2022-03-04,24.86,24.6,25.23,24.6,6944,17875856.0,2.51,-1.8,-0.45,2.08,605378
168,2022-03-07,24.59,24.2,24.59,24.15,5650,14200554.0,1.79,-1.63,-0.4,1.69,605378
169,2022-03-08,24.17,23.35,24.35,23.14,7447,18193631.0,5.0,-3.51,-0.85,2.23,605378
170,2022-03-09,23.31,22.7,23.9,21.94,8963,21285785.0,8.39,-2.78,-0.65,2.69,605378
171,2022-03-10,23.02,22.89,23.45,22.8,6518,15646095.0,2.86,0.84,0.19,1.96,605378
172,2022-03-11,22.72,22.89,22.94,22.06,6451,15032836.0,3.84,0.0,0.0,1.93,605378
173,2022-03-14,22.75,22.11,22.85,22.05,6158,14274436.0,3.49,-3.41,-0.78,1.85,605378
174,2022-03-15,22.0,20.65,22.03,20.62,9704,21447943.0,6.38,-6.6,-1.46,2.91,605378
175,2022-03-16,20.76,21.04,21.08,19.88,10898,23334858.0,5.81,1.89,0.39,3.27,605378
176,2022-03-17,21.15,21.55,21.94,21.15,11397,25611709.0,3.75,2.42,0.51,3.42,605378
177,2022-03-18,21.52,21.71,21.8,21.35,6205,13940012.0,2.09,0.74,0.16,1.86,605378
178,2022-03-21,21.77,23.97,23.97,21.77,16653,40378893.0,10.13,10.41,2.26,4.99,605378
179,2022-03-22,24.15,26.45,26.45,23.95,54181,143012618.0,10.43,10.35,2.48,16.25,605378
180,2022-03-23,27.15,26.46,29.18,26.28,123685,356014800.0,10.96,0.04,0.01,37.1,605378
181,2022-03-24,24.54,26.64,28.05,24.2,85233,229552290.0,14.55,0.68,0.18,25.56,605378
182,2022-03-25,25.97,24.8,26.15,24.8,57734,151567013.0,5.07,-6.91,-1.84,17.32,605378
183,2022-03-28,24.92,24.49,25.81,24.24,42238,108748221.0,6.33,-1.25,-0.31,12.67,605378
184,2022-03-29,24.09,23.35,24.81,23.19,37225,92336825.0,6.61,-4.65,-1.14,11.17,605378
185,2022-03-30,23.66,24.15,24.24,22.89,31842,78313623.0,5.78,3.43,0.8,9.55,605378
186,2022-03-31,24.03,23.64,24.16,23.55,22190,54608882.0,2.53,-2.11,-0.51,6.66,605378
187,2022-04-01,23.74,22.58,23.74,22.54,26781,63773088.0,5.08,-4.48,-1.06,8.03,605378
188,2022-04-06,22.52,22.89,23.04,22.5,14036,33200846.0,2.39,1.37,0.31,4.21,605378
189,2022-04-07,22.83,22.14,23.0,22.06,15360,35649698.0,4.11,-3.28,-0.75,4.61,605378
190,2022-04-08,22.18,21.85,22.42,21.46,14091,31973536.0,4.34,-1.31,-0.29,4.23,605378
191,2022-04-11,21.92,21.05,22.08,20.77,15125,33343437.0,6.0,-3.66,-0.8,4.54,605378
192,2022-04-12,21.11,21.17,21.18,20.2,13967,30286438.0,4.66,0.57,0.12,4.19,605378
193,2022-04-13,21.17,21.06,21.25,20.45,10641,23135360.0,3.78,-0.52,-0.11,3.19,605378
194,2022-04-14,21.16,21.11,21.72,20.98,15666,34565216.0,3.51,0.24,0.05,4.7,605378
195,2022-04-15,20.93,20.63,20.93,20.25,11244,24113376.0,3.22,-2.27,-0.48,3.37,605378
196,2022-04-18,20.63,21.0,21.0,20.22,8592,18550773.0,3.78,1.79,0.37,2.58,605378
197,2022-04-19,21.0,21.12,21.31,20.85,11071,24305688.0,2.19,0.57,0.12,3.32,605378
198,2022-04-20,21.05,20.98,21.68,20.74,13507,29862008.0,4.45,-0.66,-0.14,4.05,605378
199,2022-04-21,20.8,19.71,21.11,19.67,15904,33613993.0,6.86,-6.05,-1.27,4.77,605378
200,2022-04-22,19.4,19.82,20.13,19.06,12510,25659260.0,5.43,0.56,0.11,3.75,605378
201,2022-04-25,19.62,18.08,19.62,18.03,14581,28340478.0,8.02,-8.78,-1.74,4.37,605378
202,2022-04-26,17.95,16.77,18.52,16.72,14486,26676733.0,9.96,-7.25,-1.31,4.34,605378
203,2022-04-27,16.35,17.56,17.66,16.23,14613,26186256.0,8.53,4.71,0.79,4.38,605378
204,2022-04-28,17.35,16.95,17.49,16.61,13096,23381936.0,5.01,-3.47,-0.61,3.93,605378
205,2022-04-29,17.14,17.53,17.61,17.0,10204,18609497.0,3.6,3.42,0.58,3.06,605378
206,2022-05-05,17.53,17.61,17.95,17.45,9213,17145193.0,2.85,0.46,0.08,2.76,605378
207,2022-05-06,17.33,17.41,17.53,17.05,6633,12069269.0,2.73,-1.14,-0.2,1.99,605378
208,2022-05-09,17.2,17.74,17.84,17.2,6933,12827584.0,3.68,1.9,0.33,2.08,605378
209,2022-05-10,17.83,18.02,18.08,17.45,9803,18357538.0,3.55,1.58,0.28,2.94,605378
210,2022-05-11,17.95,18.37,19.0,17.92,18454,35774235.0,5.99,1.94,0.35,5.54,605378
211,2022-05-12,18.34,18.44,18.59,18.07,13698,26307959.0,2.83,0.38,0.07,4.11,605378
212,2022-05-13,18.45,18.43,18.72,18.13,8627,16549016.0,3.2,-0.05,-0.01,2.59,605378
213,2022-05-16,18.66,18.55,18.96,18.23,12191,23635369.0,3.96,0.65,0.12,3.66,605378
214,2022-05-17,18.55,18.6,18.75,18.17,10374,20011075.0,3.13,0.27,0.05,3.11,605378
215,2022-05-18,18.6,18.93,19.1,18.43,15146,29824694.0,3.6,1.77,0.33,4.54,605378
216,2022-05-19,18.79,19.13,19.31,18.55,13411,26595005.0,4.01,1.06,0.2,4.02,605378
217,2022-05-20,19.25,19.37,19.45,19.05,13068,26309389.0,2.09,1.25,0.24,3.92,605378
218,2022-05-23,19.37,19.58,19.65,19.21,10692,21681874.0,2.27,1.08,0.21,3.21,605378
219,2022-05-24,19.59,18.69,19.81,18.34,13415,26834129.0,7.51,-4.55,-0.89,4.02,605378
220,2022-05-25,18.69,19.03,19.07,18.69,6831,13490744.0,2.03,1.82,0.34,2.05,605378
221,2022-05-26,19.01,18.93,20.43,18.54,34639,69362324.0,9.93,-0.53,-0.1,10.39,605378
222,2022-05-27,18.64,19.0,19.37,18.2,21034,41943000.0,6.18,0.37,0.07,6.31,605378
223,2022-05-30,19.15,19.36,19.55,18.77,15280,30691636.0,4.11,1.89,0.36,4.58,605378
224,2022-05-31,19.55,19.34,19.55,18.9,13353,26773177.0,3.36,-0.1,-0.02,4.01,605378
225,2022-06-01,19.23,19.67,19.78,19.23,18148,37061006.0,2.84,1.71,0.33,5.44,605378
226,2022-06-02,19.62,20.02,20.1,19.47,18500,37627385.0,3.2,1.78,0.35,5.55,605378
227,2022-06-06,19.96,20.67,20.69,19.68,20060,42051297.0,5.04,3.25,0.65,6.02,605378
228,2022-06-07,20.62,20.06,20.7,19.9,15859,32810551.0,3.87,-2.95,-0.61,4.76,605378
229,2022-06-08,20.04,19.7,20.18,19.28,16943,34193002.0,4.49,-1.79,-0.36,5.08,605378
230,2022-06-09,19.69,18.8,19.69,18.73,15354,30037865.0,4.87,-4.57,-0.9,4.61,605378
231,2022-06-10,18.6,19.28,19.33,18.6,10636,20817817.0,3.88,2.55,0.48,3.19,605378
232,2022-06-13,19.25,19.95,20.14,18.99,17901,36225509.0,5.96,3.48,0.67,5.37,605378
233,2022-06-14,19.7,19.71,19.89,19.21,11956,23930982.0,3.41,-1.2,-0.24,3.59,605378
234,2022-06-15,19.7,19.52,20.03,19.5,12514,25294453.0,2.69,-0.96,-0.19,3.75,605378
235,2022-06-16,19.53,19.86,20.0,19.39,11256,22861705.0,3.13,1.74,0.34,3.38,605378
236,2022-06-17,19.72,21.9,21.9,19.65,30438,66031065.0,11.33,10.27,2.04,9.13,605378
237,2022-06-20,22.72,22.09,23.68,22.06,79142,183989267.0,7.4,0.87,0.19,23.74,605378
238,2022-06-21,22.49,21.84,22.68,21.35,41504,92452150.0,6.02,-1.13,-0.25,12.45,605378
239,2022-06-22,21.6,23.05,24.0,21.52,63939,149368229.0,11.36,5.54,1.21,19.18,605378
240,2022-06-23,22.6,22.79,22.95,21.8,44761,102501516.0,4.99,-1.13,-0.26,13.43,605378
241,2022-06-24,23.0,22.72,23.3,22.18,40824,94583317.0,4.91,-0.31,-0.07,12.24,605378
242,2022-06-27,22.91,22.5,23.05,22.08,34483,79145867.0,4.27,-0.97,-0.22,10.34,605378
243,2022-06-28,22.5,22.5,22.61,22.1,26631,60801200.0,2.27,0.0,0.0,7.99,605378
244,2022-06-29,22.48,21.26,22.48,21.26,27197,60521386.0,5.42,-5.51,-1.24,8.16,605378
245,2022-06-30,21.25,21.3,21.68,21.24,14536,31898322.0,2.07,0.19,0.04,4.36,605378
246,2022-07-01,21.29,21.19,21.45,21.05,12522,27239338.0,1.88,-0.52,-0.11,3.76,605378
247,2022-07-04,21.17,22.07,22.5,20.7,29090,64658457.0,8.49,4.15,0.88,8.73,605378
248,2022-07-05,22.0,21.4,22.07,21.27,16862,37243217.0,3.62,-3.04,-0.67,5.06,605378
249,2022-07-06,21.41,21.2,21.7,21.1,9164,20005404.0,2.8,-0.93,-0.2,2.75,605378
250,2022-07-07,21.17,22.03,22.42,20.89,27857,62423774.0,7.22,3.92,0.83,8.36,605378
251,2022-07-08,22.0,21.66,22.1,21.61,16145,36051513.0,2.22,-1.68,-0.37,4.84,605378
252,2022-07-11,21.51,21.7,22.0,21.11,12762,28132691.0,4.11,0.18,0.04,3.83,605378
253,2022-07-12,21.51,20.74,21.7,20.74,13751,29735553.0,4.42,-4.42,-0.96,4.12,605378
254,2022-07-13,20.7,20.85,21.16,20.6,8360,17881254.0,2.7,0.53,0.11,2.51,605378
255,2022-07-14,21.04,22.99,22.99,20.85,36051,82484670.0,10.26,10.26,2.14,10.81,605378
256,2022-07-15,23.77,24.11,25.34,23.46,109823,274546861.0,8.18,4.87,1.12,32.94,605378
257,2022-07-18,23.62,24.35,24.49,23.14,71363,173885942.0,5.6,1.0,0.24,21.4,605378
258,2022-07-19,23.5,24.18,24.78,23.5,50235,123795619.0,5.26,-0.7,-0.17,15.07,605378
259,2022-07-20,24.0,23.75,24.33,23.63,36625,89122415.0,2.89,-1.78,-0.43,10.99,605378
260,2022-07-21,23.78,24.75,25.38,23.34,71717,177473460.0,8.59,4.21,1.0,21.51,605378
261,2022-07-22,24.38,24.12,24.49,23.57,40734,99920514.0,3.72,-2.55,-0.63,12.22,605378
262,2022-07-25,23.9,23.96,24.3,23.4,24354,59392029.0,3.73,-0.66,-0.16,7.3,605378
263,2022-07-26,24.18,24.84,25.18,23.12,52730,130440763.0,8.6,3.67,0.88,15.82,605378
264,2022-07-27,24.3,25.83,25.99,24.3,67166,174579287.0,6.8,3.99,0.99,20.15,605378
265,2022-07-28,25.5,25.02,25.61,24.96,40600,104617804.0,2.52,-3.14,-0.81,12.18,605378
266,2022-07-29,25.02,24.85,25.99,24.85,43807,113897552.0,4.56,-0.68,-0.17,13.14,605378
267,2022-08-01,24.85,25.24,25.47,23.86,29106,73728581.0,6.48,1.57,0.39,8.73,605378
268,2022-08-02,24.51,23.4,24.79,23.23,35298,85970648.0,6.18,-7.29,-1.84,10.59,605378
269,2022-08-03,23.4,24.73,25.79,23.4,87630,226355059.0,10.21,5.68,1.33,26.28,605378
270,2022-08-04,24.15,24.34,25.2,23.87,57709,144194119.0,5.38,-1.58,-0.39,17.31,605378
271,2022-08-05,24.2,25.4,26.14,24.2,52849,135610542.0,7.97,4.35,1.06,15.85,605378
272,2022-08-08,25.25,25.35,25.61,24.65,37063,95268729.0,3.78,-0.2,-0.05,11.12,605378
273,2022-08-09,25.36,26.35,27.16,25.18,81733,219695569.0,7.81,3.94,1.0,24.52,605378
274,2022-08-10,25.82,27.03,28.88,25.64,74195,201880351.0,12.3,2.58,0.68,22.25,605378
275,2022-08-11,26.88,27.05,27.07,26.24,44279,120247360.0,3.07,0.07,0.02,13.28,605378
276,2022-08-12,26.86,27.25,27.38,26.49,46882,128729463.0,3.29,0.74,0.2,14.06,605378
277,2022-08-15,27.25,26.45,28.25,26.31,54403,150048107.0,7.12,-2.94,-0.8,16.32,605378
278,2022-08-16,26.44,26.6,26.75,26.03,31741,85214082.0,2.72,0.57,0.15,9.52,605378
279,2022-08-17,26.5,26.41,27.0,25.88,32817,88012680.0,4.21,-0.71,-0.19,9.84,605378
280,2022-08-18,26.16,26.31,26.94,25.8,28454,76763738.0,4.32,-0.38,-0.1,8.53,605378
281,2022-08-19,26.26,25.81,26.46,25.8,19073,50550088.0,2.51,-1.9,-0.5,5.72,605378
282,2022-08-22,25.57,25.58,26.07,25.34,15603,40927762.0,2.83,-0.89,-0.23,4.68,605378
283,2022-08-23,25.28,26.17,26.45,25.26,26135,69453920.0,4.65,2.31,0.59,7.84,605378
284,2022-08-24,26.5,24.5,26.55,24.48,28633,73688130.0,7.91,-6.38,-1.67,8.59,605378
285,2022-08-25,24.44,24.02,25.16,23.48,19371,47621066.0,6.86,-1.96,-0.48,5.81,605378
286,2022-08-26,24.74,25.03,26.24,24.65,39846,103720654.0,6.62,4.2,1.01,11.95,605378
287,2022-08-29,24.63,24.95,26.03,24.0,24821,63699876.0,8.11,-0.32,-0.08,7.44,605378
288,2022-08-30,24.9,24.06,25.0,24.02,18630,46343577.0,3.93,-3.57,-0.89,5.59,605378
289,2022-08-31,24.06,22.85,24.12,22.52,23277,54797417.0,6.65,-5.03,-1.21,6.98,605378
290,2022-09-01,22.88,22.95,23.57,22.64,11649,27373174.0,4.07,0.44,0.1,3.49,605378
291,2022-09-02,23.04,23.22,23.39,22.8,9806,23158365.0,2.57,1.18,0.27,2.94,605378
292,2022-09-05,23.3,22.9,23.4,22.81,10126,23858994.0,2.54,-1.38,-0.32,3.04,605378
293,2022-09-06,22.89,23.61,23.63,22.53,18040,42783542.0,4.8,3.1,0.71,5.41,605378
294,2022-09-07,23.46,23.85,23.98,23.34,11776,28574542.0,2.71,1.02,0.24,3.53,605378
295,2022-09-08,23.8,23.39,24.25,23.35,10517,25468293.0,3.77,-1.93,-0.46,3.15,605378
296,2022-09-09,23.31,22.9,23.53,22.82,9752,22915249.0,3.04,-2.09,-0.49,2.93,605378
297,2022-09-13,22.91,23.13,23.32,22.84,7843,18477141.0,2.1,1.0,0.23,2.35,605378
298,2022-09-14,22.91,22.87,22.97,22.54,7086,16449500.0,1.86,-1.12,-0.26,2.13,605378
299,2022-09-15,22.89,21.65,23.17,21.23,15209,34104233.0,8.48,-5.33,-1.22,4.56,605378
300,2022-09-16,21.65,21.01,21.84,21.0,10575,23175188.0,3.88,-2.96,-0.64,3.17,605378
301,2022-09-19,20.99,20.68,21.14,20.4,10301,21852443.0,3.52,-1.57,-0.33,3.09,605378
302,2022-09-20,20.78,21.57,21.68,20.78,12526,27458815.0,4.35,4.3,0.89,3.76,605378
303,2022-09-21,21.3,21.64,21.85,21.22,8169,18087493.0,2.92,0.32,0.07,2.45,605378
304,2022-09-22,21.38,21.52,22.05,21.34,7077,15729611.0,3.28,-0.55,-0.12,2.12,605378
305,2022-09-23,21.7,21.1,21.83,20.88,9499,20632514.0,4.41,-1.95,-0.42,2.85,605378
306,2022-09-26,20.53,20.7,21.34,20.51,7074,15075922.0,3.93,-1.9,-0.4,2.12,605378
307,2022-09-27,20.7,21.34,21.6,20.7,9948,21572528.0,4.35,3.09,0.64,2.98,605378
308,2022-09-28,21.4,20.63,21.4,20.63,9777,20928375.0,3.61,-3.33,-0.71,2.93,605378
309,2022-09-29,20.71,20.36,21.1,20.36,6713,14224557.0,3.59,-1.31,-0.27,2.01,605378
310,2022-09-30,20.31,19.93,20.49,19.8,6786,13937176.0,3.39,-2.11,-0.43,2.04,605378
311,2022-10-10,19.93,19.26,20.24,19.1,8171,16332693.0,5.72,-3.36,-0.67,2.45,605378
312,2022-10-11,19.39,19.65,19.85,19.23,9710,19529370.0,3.22,2.02,0.39,2.91,605378
313,2022-10-12,19.85,20.34,20.38,19.25,10257,20871169.0,5.75,3.51,0.69,3.08,605378
314,2022-10-13,20.2,20.48,20.8,20.15,8385,17660919.0,3.2,0.69,0.14,2.51,605378
315,2022-10-14,20.47,20.99,21.1,20.47,8031,17226527.0,3.08,2.49,0.51,2.41,605378
316,2022-10-17,21.79,22.16,22.3,21.5,18718,41910414.0,3.81,5.57,1.17,5.61,605378
317,2022-10-18,22.27,22.2,22.45,21.81,18031,40796891.0,2.89,0.18,0.04,5.41,605378
318,2022-10-19,22.34,22.69,24.1,22.25,34619,81659879.0,8.33,2.21,0.49,10.38,605378
319,2022-10-20,22.08,21.8,22.44,21.68,21632,48524668.0,3.35,-3.92,-0.89,6.49,605378
320,2022-10-21,21.96,21.95,22.28,21.74,10115,22733947.0,2.48,0.69,0.15,3.03,605378
321,2022-10-24,21.89,21.67,22.3,21.53,11160,24954376.0,3.51,-1.28,-0.28,3.35,605378
322,2022-10-25,21.56,21.67,21.97,21.07,9655,21222774.0,4.15,0.0,0.0,2.9,605378
323,2022-10-26,21.58,22.18,22.18,21.58,12148,27279655.0,2.77,2.35,0.51,3.64,605378
324,2022-10-27,22.19,21.8,22.47,21.8,9685,21842223.0,3.02,-1.71,-0.38,2.91,605378
325,2022-10-28,21.8,20.77,21.91,20.62,8697,18863697.0,5.92,-4.72,-1.03,2.61,605378
326,2022-10-31,20.66,21.63,21.83,20.66,12868,28290799.0,5.63,4.14,0.86,3.86,605378
327,2022-11-01,21.78,22.49,22.52,21.77,15659,35629543.0,3.47,3.98,0.86,4.7,605378
328,2022-11-02,22.49,22.4,22.6,22.2,12175,27934156.0,1.78,-0.4,-0.09,3.65,605378
329,2022-11-03,22.27,22.46,22.81,22.0,10792,24758727.0,3.62,0.27,0.06,3.24,605378
330,2022-11-04,22.34,22.9,23.08,22.34,15511,36150821.0,3.29,1.96,0.44,4.65,605378
331,2022-11-07,22.9,23.04,23.56,22.82,15286,36094767.0,3.23,0.61,0.14,4.58,605378
332,2022-11-08,23.01,22.74,23.08,22.55,9002,20929151.0,2.3,-1.3,-0.3,2.7,605378
333,2022-11-09,22.98,22.45,22.98,22.41,9107,21003902.0,2.51,-1.28,-0.29,2.73,605378
334,2022-11-10,22.4,22.18,22.7,22.15,8163,18610797.0,2.45,-1.2,-0.27,2.45,605378
335,2022-11-11,22.68,22.08,22.78,22.01,11191,25554692.0,3.47,-0.45,-0.1,3.36,605378
336,2022-11-14,22.25,22.38,22.42,21.72,12157,27634862.0,3.17,1.36,0.3,3.65,605378
337,2022-11-15,22.39,22.75,22.75,22.28,12937,29896898.0,2.1,1.65,0.37,3.88,605378
338,2022-11-16,22.75,22.34,22.82,22.3,8637,19886160.0,2.29,-1.8,-0.41,2.59,605378
339,2022-11-17,22.33,22.47,22.47,22.05,7622,17318688.0,1.88,0.58,0.13,2.29,605378
340,2022-11-18,22.5,22.43,22.8,22.37,11556,26722098.0,1.91,-0.18,-0.04,3.47,605378
341,2022-11-21,22.43,22.7,22.7,21.92,11800,26961398.0,3.48,1.2,0.27,3.54,605378
342,2022-11-22,22.72,22.36,23.08,22.1,17637,40714333.0,4.32,-1.5,-0.34,5.29,605378
343,2022-11-23,22.36,22.13,22.4,21.4,14501,32377172.0,4.47,-1.03,-0.23,4.35,605378
344,2022-11-24,22.28,24.39,24.39,22.18,47710,116426109.0,9.99,10.21,2.26,14.31,605378
345,2022-11-25,24.92,23.86,25.5,23.44,83722,205763519.0,8.45,-2.17,-0.53,25.11,605378
346,2022-11-28,23.72,23.86,23.86,23.1,35480,85498719.0,3.19,0.0,0.0,10.64,605378
347,2022-11-29,23.73,23.81,23.98,23.5,34940,84469943.0,2.01,-0.21,-0.05,10.48,605378
348,2022-11-30,23.76,24.79,26.19,23.23,67929,169407083.0,12.43,4.12,0.98,20.37,605378
349,2022-12-01,24.4,24.12,24.69,24.01,40863,101358009.0,2.74,-2.7,-0.67,12.26,605378
350,2022-12-02,24.25,24.05,24.43,23.83,24516,60374225.0,2.49,-0.29,-0.07,7.35,605378
351,2022-12-05,24.13,24.4,24.43,23.68,25637,62841447.0,3.12,1.46,0.35,7.69,605378
352,2022-12-06,24.3,24.58,24.64,24.2,25853,64496133.0,1.8,0.74,0.18,7.75,605378
353,2022-12-07,24.58,24.03,24.88,24.01,24560,61193396.0,3.54,-2.24,-0.55,7.37,605378
354,2022-12-08,23.7,23.9,24.02,23.51,16636,40337756.0,2.12,-0.54,-0.13,4.99,605378
355,2022-12-09,23.52,23.92,23.96,23.52,12985,31476147.0,1.84,0.08,0.02,3.89,605378
356,2022-12-12,23.9,23.64,23.9,23.53,8822,21299460.0,1.55,-1.17,-0.28,2.65,605378
357,2022-12-13,23.62,23.73,23.95,23.53,10122,24503869.0,1.78,0.38,0.09,3.04,605378
358,2022-12-14,23.65,22.72,23.7,22.62,19427,45817011.0,4.55,-4.26,-1.01,5.83,605378
359,2022-12-15,22.87,23.02,23.09,22.68,9189,21506171.0,1.8,1.32,0.3,2.76,605378
360,2022-12-16,22.8,22.4,22.88,22.18,13731,31455243.0,3.04,-2.69,-0.62,4.12,605378
361,2022-12-19,22.4,21.74,22.56,21.61,12197,27512324.0,4.24,-2.95,-0.66,3.66,605378
362,2022-12-20,21.74,21.32,21.74,21.25,11090,24337281.0,2.25,-1.93,-0.42,3.33,605378
363,2022-12-21,21.3,20.95,21.45,20.77,11820,25424944.0,3.19,-1.74,-0.37,3.55,605378
364,2022-12-22,21.17,20.5,21.4,20.4,9183,19514743.0,4.77,-2.15,-0.45,2.75,605378
365,2022-12-23,20.22,20.3,20.65,20.22,6556,13683649.0,2.1,-0.98,-0.2,1.97,605378
366,2022-12-26,20.3,21.04,21.08,20.3,8908,19015939.0,3.84,3.65,0.74,2.67,605378
367,2022-12-27,21.11,21.09,21.43,20.77,7238,15556955.0,3.14,0.24,0.05,2.17,605378
368,2022-12-28,20.92,20.66,20.92,20.49,6334,13426082.0,2.04,-2.04,-0.43,1.9,605378
369,2022-12-29,20.76,20.46,20.95,20.45,5597,11839235.0,2.42,-0.97,-0.2,1.68,605378
370,2022-12-30,20.63,20.78,20.78,20.51,4456,9423320.0,1.32,1.56,0.32,1.34,605378
371,2023-01-03,20.88,21.23,21.27,20.6,8414,18136134.0,3.22,2.17,0.45,2.52,605378
372,2023-01-04,21.28,21.21,21.35,20.93,7517,16294569.0,1.98,-0.09,-0.02,2.25,605378
373,2023-01-05,21.23,21.47,21.73,21.06,9367,20592298.0,3.16,1.23,0.26,2.81,605378
374,2023-01-06,21.4,21.5,21.9,21.25,10087,22377169.0,3.03,0.14,0.03,3.03,605378
375,2023-01-09,21.8,21.73,21.97,21.5,10313,22958570.0,2.19,1.07,0.23,3.09,605378
376,2023-01-10,21.63,21.74,21.8,21.53,6777,15024696.0,1.24,0.05,0.01,2.03,605378
377,2023-01-11,21.68,21.5,21.9,21.44,6695,14816947.0,2.12,-1.1,-0.24,2.01,605378
378,2023-01-12,21.55,21.55,21.85,21.5,4734,10486026.0,1.63,0.23,0.05,1.42,605378
379,2023-01-13,21.57,21.34,21.73,21.11,7577,16597322.0,2.88,-0.97,-0.21,2.27,605378
380,2023-01-16,21.35,21.66,21.71,21.3,6401,14135098.0,1.92,1.5,0.32,1.92,605378
381,2023-01-17,21.9,21.7,21.93,21.43,5095,11289441.0,2.31,0.18,0.04,1.53,605378
382,2023-01-18,21.67,21.89,21.95,21.52,7202,16067970.0,1.98,0.88,0.19,2.16,605378
383,2023-01-19,21.61,22.1,22.1,21.61,5021,11291450.0,2.24,0.96,0.21,1.51,605378
384,2023-01-20,22.1,22.32,22.34,22.03,6758,15383431.0,1.4,1.0,0.22,2.03,605378
385,2023-01-30,22.51,22.77,23.15,22.51,14138,33060580.0,2.87,2.02,0.45,4.24,605378
386,2023-01-31,22.65,22.84,22.84,22.52,6688,15500155.0,1.41,0.31,0.07,2.01,605378
387,2023-02-01,23.0,22.99,23.0,22.76,7641,17894671.0,1.05,0.66,0.15,2.29,605378
388,2023-02-02,22.98,22.87,23.28,22.76,10975,25735824.0,2.26,-0.52,-0.12,3.29,605378
389,2023-02-03,22.87,22.94,23.02,22.53,8822,20528527.0,2.14,0.31,0.07,2.65,605378
390,2023-02-06,22.94,22.93,23.1,22.71,6083,14240420.0,1.7,-0.04,-0.01,1.82,605378
391,2023-02-07,22.89,23.13,23.26,22.8,7685,18121405.0,2.01,0.87,0.2,2.31,605378
392,2023-02-08,23.03,23.93,25.0,23.01,48137,118767167.0,8.6,3.46,0.8,14.44,605378
393,2023-02-09,23.8,23.8,23.8,23.3,28070,67467762.0,2.09,-0.54,-0.13,8.42,605378
394,2023-02-10,23.64,23.54,23.65,23.41,13394,32166863.0,1.01,-1.09,-0.26,4.02,605378
395,2023-02-13,23.54,23.62,23.67,23.33,12640,30340604.0,1.44,0.34,0.08,3.79,605378
396,2023-02-14,23.6,23.68,23.7,23.44,9114,21930009.0,1.1,0.25,0.06,2.73,605378
397,2023-02-15,23.54,23.49,23.69,23.4,10117,24280278.0,1.22,-0.8,-0.19,3.03,605378
398,2023-02-16,23.56,22.81,23.68,22.65,15935,37856708.0,4.38,-2.89,-0.68,4.78,605378
399,2023-02-17,22.86,22.94,23.38,22.86,11727,27700583.0,2.28,0.57,0.13,3.52,605378
400,2023-02-20,22.94,23.22,23.23,22.6,9497,22306522.0,2.75,1.22,0.28,2.85,605378
401,2023-02-21,23.3,23.26,23.66,23.08,10227,24434606.0,2.5,0.17,0.04,3.07,605378
402,2023-02-22,23.26,23.53,24.0,23.06,17564,42405190.0,4.04,1.16,0.27,5.27,605378
403,2023-02-23,23.56,23.65,23.78,23.31,12275,29552547.0,2.0,0.51,0.12,3.68,605378
404,2023-02-24,23.65,23.37,23.65,23.2,6971,16672735.0,1.9,-1.18,-0.28,2.09,605378
405,2023-02-27,23.44,23.19,23.57,23.17,7352,17535912.0,1.71,-0.77,-0.18,2.21,605378
406,2023-02-28,23.18,23.3,23.42,23.02,6011,14274735.0,1.72,0.47,0.11,1.8,605378
407,2023-03-01,23.42,23.66,23.67,23.27,9804,23523272.0,1.72,1.55,0.36,2.94,605378
408,2023-03-02,23.67,23.31,23.74,23.3,8719,20918357.0,1.86,-1.48,-0.35,2.62,605378
409,2023-03-03,23.3,23.48,23.78,23.3,8105,19459999.0,2.06,0.73,0.17,2.43,605378
410,2023-03-06,23.35,23.66,23.66,23.31,7994,19236987.0,1.49,0.77,0.18,2.4,605378
411,2023-03-07,23.74,22.8,23.74,22.8,12289,29082320.0,3.97,-3.63,-0.86,3.69,605378
412,2023-03-08,22.78,23.2,23.2,22.71,5571,13100147.0,2.15,1.75,0.4,1.67,605378
413,2023-03-09,23.19,23.46,23.55,23.08,9057,21605274.0,2.03,1.12,0.26,2.72,605378
414,2023-03-10,23.33,23.0,23.87,23.0,8578,20432821.0,3.71,-1.96,-0.46,2.57,605378
415,2023-03-13,22.92,22.94,23.23,22.5,9951,23191999.0,3.17,-0.26,-0.06,2.98,605378
416,2023-03-14,22.89,22.24,23.05,22.05,7592,17426343.0,4.36,-3.05,-0.7,2.28,605378
417,2023-03-15,22.53,23.08,23.7,22.53,15767,37324984.0,5.26,3.78,0.84,4.73,605378
418,2023-03-16,22.95,22.32,23.19,22.32,10324,23892624.0,3.77,-3.29,-0.76,3.1,605378
419,2023-03-17,22.78,22.31,22.8,22.31,6487,14904067.0,2.2,-0.04,-0.01,1.95,605378
420,2023-03-20,22.41,22.33,22.76,21.89,7842,17824814.0,3.9,0.09,0.02,2.35,605378
421,2023-03-21,22.5,23.61,24.0,22.03,25975,61864912.0,8.82,5.73,1.28,7.79,605378
422,2023-03-22,23.45,23.44,23.6,23.17,16279,38868002.0,1.82,-0.72,-0.17,4.88,605378
423,2023-03-23,23.46,23.34,23.46,23.12,9672,23018558.0,1.45,-0.43,-0.1,2.9,605378
424,2023-03-24,23.46,23.43,23.58,23.13,11034,26335551.0,1.93,0.39,0.09,3.31,605378
425,2023-03-27,23.44,23.55,23.75,23.24,13207,31678841.0,2.18,0.51,0.12,3.96,605378
426,2023-03-28,23.48,23.14,23.56,23.0,8138,19345340.0,2.38,-1.74,-0.41,2.44,605378
427,2023-03-29,23.1,23.77,23.85,23.0,24751,59823449.0,3.67,2.72,0.63,7.42,605378
428,2023-03-30,23.85,23.18,23.85,22.81,17902,42440088.0,4.38,-2.48,-0.59,5.37,605378
429,2023-03-31,22.87,23.05,23.46,22.87,8487,20038137.0,2.55,-0.56,-0.13,2.55,605378
430,2023-04-03,23.0,23.02,23.12,22.71,10968,25658201.0,1.78,-0.13,-0.03,3.29,605378
431,2023-04-04,23.17,22.45,23.19,22.32,11438,26392143.0,3.78,-2.48,-0.57,3.43,605378
432,2023-04-06,22.46,22.46,22.58,22.2,6934,15857714.0,1.69,0.04,0.01,2.08,605378
433,2023-04-07,22.48,22.31,22.55,22.21,7022,16038350.0,1.51,-0.67,-0.15,2.11,605378
434,2023-04-10,22.27,22.03,22.51,22.01,8522,19375248.0,2.24,-1.26,-0.28,2.56,605378
435,2023-04-11,22.0,21.75,22.04,21.59,9312,20756358.0,2.04,-1.27,-0.28,2.79,605378
436,2023-04-12,21.74,22.05,22.06,21.68,5630,12596729.0,1.75,1.38,0.3,1.69,605378
437,2023-04-13,22.0,21.59,22.0,21.5,9452,20886147.0,2.27,-2.09,-0.46,2.84,605378
438,2023-04-14,21.62,21.68,21.77,21.51,5994,13266443.0,1.2,0.42,0.09,1.8,605378
439,2023-04-17,21.57,21.69,21.79,21.4,4732,10468826.0,1.8,0.05,0.01,1.42,605378
440,2023-04-18,21.74,21.65,22.46,21.55,14653,32853756.0,4.2,-0.18,-0.04,4.4,605378
441,2023-04-19,21.65,21.1,21.66,21.09,11048,23974054.0,2.63,-2.54,-0.55,3.31,605378
442,2023-04-20,21.12,20.9,21.21,20.9,5935,12773667.0,1.47,-0.95,-0.2,1.78,605378
443,2023-04-21,20.91,20.37,21.17,20.36,8783,18539264.0,3.88,-2.54,-0.53,2.63,605378
444,2023-04-24,20.23,20.07,20.48,19.86,6905,14180353.0,3.04,-1.47,-0.3,2.07,605378
445,2023-04-25,20.07,20.06,20.38,19.35,7619,15466096.0,5.13,-0.05,-0.01,2.29,605378
446,2023-04-26,20.39,20.83,20.88,19.8,12835,26876685.0,5.38,3.84,0.77,3.85,605378
447,2023-04-27,20.45,20.93,21.06,20.45,9501,20315058.0,2.93,0.48,0.1,2.85,605378
448,2023-04-28,20.93,21.12,21.17,20.84,5836,12562887.0,1.58,0.91,0.19,1.75,605378
449,2023-05-04,21.03,21.35,21.4,20.86,5870,12770638.0,2.56,1.09,0.23,1.76,605378
450,2023-05-05,21.35,21.21,21.35,20.96,5392,11670694.0,1.83,-0.66,-0.14,1.62,605378
451,2023-05-08,21.3,21.02,21.43,20.93,4277,9247080.0,2.36,-0.9,-0.19,1.28,605378
452,2023-05-09,21.02,20.66,21.02,20.6,5216,11097348.0,2.0,-1.71,-0.36,1.56,605378
453,2023-05-10,20.66,20.89,21.05,20.51,4150,8859183.0,2.61,1.11,0.23,1.24,605378
454,2023-05-11,21.0,21.28,21.3,20.8,4905,10603861.0,2.39,1.87,0.39,1.47,605378
455,2023-05-12,21.29,21.09,21.51,21.01,3080,6672492.0,2.35,-0.89,-0.19,0.92,605378
456,2023-05-15,21.0,21.38,21.45,21.0,5658,12342801.0,2.13,1.38,0.29,1.7,605378
457,2023-05-16,21.38,21.54,21.64,21.23,8554,18833640.0,1.92,0.75,0.16,2.57,605378
458,2023-05-17,21.6,21.57,21.65,21.4,5881,12946215.0,1.16,0.14,0.03,1.76,605378
459,2023-05-18,21.65,21.74,21.8,21.41,6345,14087324.0,1.81,0.79,0.17,1.9,605378
460,2023-05-19,21.77,22.08,22.1,21.61,6852,15382385.0,2.25,1.56,0.34,2.06,605378
461,2023-05-22,22.13,22.23,22.49,21.98,8548,19486070.0,2.31,0.68,0.15,2.56,605378
462,2023-05-23,22.4,22.11,22.4,22.02,5696,12933209.0,1.71,-0.54,-0.12,1.71,605378
463,2023-05-24,22.1,22.23,22.45,21.96,7208,16424941.0,2.22,0.54,0.12,2.16,605378
464,2023-05-25,22.25,22.39,22.44,22.12,6444,14696187.0,1.44,0.72,0.16,1.93,605378
465,2023-05-26,22.39,22.62,22.67,22.14,8588,19764288.0,2.37,1.03,0.23,2.58,605378
466,2023-05-29,22.51,22.93,23.21,22.51,10219,23872263.0,3.09,1.37,0.31,3.07,605378
467,2023-05-30,22.78,22.93,23.11,22.59,9410,21940773.0,2.27,0.0,0.0,2.82,605378
468,2023-05-31,23.09,22.99,23.1,22.64,7128,16670649.0,2.01,0.26,0.06,2.14,605378
469,2023-06-01,22.99,22.75,23.05,22.71,7919,18496258.0,1.48,-1.04,-0.24,2.38,605378
470,2023-06-02,22.85,22.77,22.96,22.61,7829,17850276.0,1.54,0.09,0.02,2.35,605378
471,2023-06-05,22.78,22.65,22.95,22.53,5743,13035574.0,1.84,-0.53,-0.12,1.72,605378
472,2023-06-06,22.78,22.32,22.78,22.21,6308,14164986.0,2.52,-1.46,-0.33,1.89,605378
473,2023-06-07,22.33,22.56,22.8,22.23,5279,11899982.0,2.55,1.08,0.24,1.58,605378
474,2023-06-08,22.71,22.22,22.81,22.22,4439,9962872.0,2.62,-1.51,-0.34,1.33,605378
475,2023-06-09,22.22,22.23,22.42,22.0,3712,8262907.0,1.89,0.05,0.01,1.11,605378
476,2023-06-12,22.23,22.71,22.76,21.95,6018,13521732.0,3.64,2.16,0.48,1.81,605378
477,2023-06-13,22.68,22.9,23.06,22.59,6018,13771226.0,2.07,0.84,0.19,1.81,605378
478,2023-06-14,22.87,22.92,23.0,22.63,6159,14055262.0,1.62,0.09,0.02,1.85,605378
479,2023-06-15,22.93,23.16,23.16,22.74,7548,17396420.0,1.83,1.05,0.24,2.26,605378
480,2023-06-16,23.2,22.97,23.21,22.84,6542,15034509.0,1.6,-0.82,-0.19,1.96,605378
481,2023-06-19,22.95,22.87,23.02,22.79,4845,11089495.0,1.0,-0.44,-0.1,1.45,605378
482,2023-06-20,23.14,22.91,23.14,22.7,5827,13358496.0,1.92,0.17,0.04,1.75,605378
483,2023-06-21,22.93,23.0,23.2,22.77,8220,18940033.0,1.88,0.39,0.09,2.47,605378
